Time,Light
1,71
2,346
3,75
4,346
5,77
6,346
7,79
8,346
9,80
10,346
11,81
12,346
13,81
14,346
15,82
16,346
17,82
18,346
19,83
20,346
21,83
22,346
23,84
24,346
25,84
26,81
27,85
28,81
29,85
30,82
31,85
32,82
33,86
34,82
35,86
36,82
37,346
38,83
39,346
40,83
41,346
42,83
43,346
44,83
45,347
46,84
47,346
48,84
49,346
50,84
51,346
52,84
53,346
54,84
55,346
56,85
57,346
58,85
59,346
60,85
61,347
62,86
63,346
64,86
65,346
66,86
67,346
68,87
69,346
70,87
71,346
72,87
73,346
74,87
75,346
76,88
77,346
78,88
79,346
80,89
81,346
82,89
83,84
84,346
85,84
86,346
87,85
88,346
89,85
90,346
91,85
92,346
93,86
94,347
95,85
96,346
97,86
98,346
99,86
100,346
101,87
102,346
103,87
104,346
105,87
106,346
107,87
108,346
109,87
110,346
111,88
112,346
113,87
114,346
115,88
116,346
117,88
118,346
119,88
120,347
121,89
122,346
123,89
124,346
125,89
126,346
127,90
128,346
129,91
130,346
131,91
132,346
133,346
134,346
135,346
136,346
137,346
138,87
139,346
140,87
141,346
142,88
143,346
144,87
145,346
146,87
147,346
148,88
149,347
150,88
151,346
152,89
153,346
154,88
155,346
156,88
157,347
158,88
159,346
160,89
161,346
162,89
163,347
164,89
165,346
166,90
167,346
168,90
169,346
170,90
171,346
172,90
173,346
174,90
175,346
176,91
177,346
178,91
179,346
180,92
181,346
182,92
183,346
184,92
185,346
186,346
187,87
188,346
189,87
190,346
191,88
192,346
193,88
194,346
195,89
196,346
197,89
198,346
199,89
200,347
201,89
202,346
203,90
204,346
205,89
206,346
207,89
208,347
209,89
210,346
211,89
212,346
213,90
214,346
215,90
216,346
217,90
218,346
219,91
220,346
221,91
222,346
223,92
224,346
225,93
226,346
227,93
228,347
229,346
230,346
231,346
232,346
233,346
234,346
235,346
236,346
237,346
238,88
239,346
240,88
241,346
242,89
243,346
244,89
245,346
246,89
247,346
248,89
249,347
250,89
251,346
252,89
253,346
254,89
255,346
256,90
257,347
258,90
259,346
260,91
261,346
262,91
263,347
264,90
265,346
266,90
267,346
268,92
269,346
270,91
271,346
272,92
273,346
274,92
275,346
276,92
277,346
278,93
279,346
280,93
281,346
282,93
283,346
284,347
285,346
286,346
287,346
288,346
289,346
290,346
291,88
292,346
293,88
294,346
295,88
296,346
297,90
298,346
299,89
300,347
301,89
302,346
303,89
304,346
305,90
306,346
307,90
308,346
309,90
310,346
311,91
312,346
313,91
314,346
315,90
316,347
317,90
318,346
319,91
320,346
321,91
322,346
323,91
324,346
325,92
326,346
327,92
328,346
329,91
330,346
331,92
332,346
333,347
334,346
335,92
336,346
337,346
338,346
339,346
340,88
341,347
342,87
343,346
344,89
345,346
346,88
347,346
348,88
349,346
350,88
351,346
352,89
353,346
354,89
355,346
356,89
357,346
358,89
359,346
360,89
361,346
362,89
363,346
364,90
365,346
366,90
367,346
368,90
369,346
370,90
371,346
372,91
373,346
374,91
375,346
376,90
377,346
378,90
379,346
380,92
381,346
382,92
383,346
384,91
385,346
386,346
387,346
388,92
389,346
390,346
391,87
392,346
393,87
394,346
395,87
396,346
397,88
398,347
399,88
400,346
401,87
402,346
403,88
404,346
405,88
406,346
407,88
408,346
409,88
410,346
411,88
412,346
413,89
414,346
415,88
416,346
417,89
418,346
419,89
420,346
421,88
422,346
423,89
424,346
425,89
426,346
427,89
428,346
429,91
430,346
431,91
432,346
433,91
434,346
435,90
436,346
437,90
438,346
439,346
440,86
441,346
442,86
443,346
444,86
445,346
446,86
447,346
448,86
449,346
450,86
451,346
452,87
453,346
454,87
455,346
456,87
457,346
458,87
459,346
460,87
461,346
462,87
463,346
464,87
465,346
466,87
467,346
468,87
469,346
470,87
471,346
472,87
473,346
474,88
475,346
476,88
477,346
478,87
479,346
480,87
481,346
482,88
483,346
484,88
485,346
486,88
487,346
488,88
489,346
490,346
491,84
492,89
493,84
494,346
495,85
496,346
497,84
498,346
499,85
500,346
501,85
502,346
503,84
504,346
505,85
506,346
507,85
508,346
509,85
510,346
511,85
512,346
513,85
514,346
515,85
516,346
517,85
518,346
519,85
520,346
521,85
522,346
523,86
524,346
525,85
526,346
527,86
528,346
529,86
530,346
531,85
532,346
533,86
534,83
535,86
536,82
537,85
538,83
539,86
540,82
541,86
542,83
543,86
544,82
545,87
546,83
547,347
548,83
549,347
550,83
551,346
552,83
553,346
554,82
555,346
556,83
557,346
558,84
559,346
560,83
561,346
562,83
563,346
564,83
565,346
566,83
567,346
568,83
569,346
570,83
571,347
572,83
573,346
574,83
575,346
576,83
577,346
578,83
579,346
580,84
581,81
582,83
583,346
584,84
585,346
586,84
587,81
588,84
589,81
590,84
591,81
592,84
593,80
594,84
595,81
596,85
597,81
598,84
599,81
600,84
601,81
602,346
603,81
604,346
605,81
606,346
607,81
608,346
609,81
610,346
611,81
612,346
613,81
614,346
615,81
616,346
617,81
618,346
619,81
620,346
621,81
622,346
623,82
624,346
625,81
626,346
627,82
628,346
629,81
630,346
631,82
632,346
633,82
634,79
635,81
636,79
637,82
638,80
639,81
640,79
641,82
642,80
643,82
644,80
645,82
646,79
647,82
648,79
649,82
650,79
651,82
652,79
653,82
654,79
655,346
656,80
657,346
658,79
659,346
660,79
661,346
662,79
663,346
664,80
665,346
666,80
667,346
668,80
669,346
670,79
671,346
672,79
673,346
674,80
675,346
676,80
677,346
678,80
679,346
680,80
681,78
682,80
683,78
684,80
685,78
686,80
687,78
688,80
689,78
690,80
691,78
692,80
693,78
694,80
695,78
696,81
697,78
698,81
699,78
700,80
701,79
702,80
703,78
704,80
705,78
706,80
707,78
708,80
709,78
710,81
711,79
712,347
713,78
714,346
715,78
716,346
717,78
718,346
719,78
720,346
721,78
722,346
723,78
724,346
725,78
726,346
727,79
728,346
729,78
730,78
731,78
732,346
733,79
734,77
735,79
736,77
737,78
738,77
739,79
740,77
741,79
742,77
743,79
744,77
745,78
746,77
747,79
748,77
749,79
750,78
751,79
752,77
753,79
754,77
755,79
756,77
757,79
758,77
759,80
760,77
761,346
762,77
763,346
764,77
765,346
766,77
767,346
768,77
769,346
770,78
771,346
772,78
773,346
774,78
775,346
776,78
777,346
778,78
779,346
780,78
781,346
782,78
783,76
784,78
785,77
786,78
787,76
788,78
789,77
790,78
791,77
792,78
793,77
794,78
795,77
796,78
797,77
798,78
799,77
800,79
801,77
802,79
803,77
804,79
805,77
806,79
807,77
808,79
809,77
810,79
811,77
812,80
813,77
814,346
815,77
816,347
817,78
818,346
819,77
820,346
821,77
822,346
823,78
824,346
825,78
826,346
827,78
828,346
829,78
830,76
831,78
832,77
833,78
834,77
835,78
836,77
837,78
838,77
839,79
840,77
841,79
842,77
843,79
844,77
845,79
846,77
847,79
848,77
849,79
850,77
851,79
852,77
853,79
854,77
855,79
856,77
857,79
858,78
859,80
860,78
861,80
862,78
863,80
864,78
865,346
866,78
867,346
868,78
869,346
870,78
871,346
872,78
873,346
874,79
875,346
876,79
877,346
878,79
879,346
880,79
881,346
882,79
883,346
884,79
885,77
886,80
887,77
888,79
889,77
890,80
891,78
892,80
893,78
894,80
895,78
896,80
897,78
898,80
899,78
900,81
901,79
902,81
903,79
904,81
905,79
906,81
907,79
908,82
909,79
910,82
911,79
912,346
913,79
914,82
915,79
916,346
917,80
918,346
919,80
920,346
921,80
922,346
923,80
924,346
925,80
926,346
927,79
928,346
929,80
930,346
931,80
932,346
933,80
934,346
935,81
936,79
937,81
938,79
939,81
940,79
941,81
942,79
943,82
944,80
945,82
946,79
947,82
948,80
949,82
950,79
951,82
952,80
953,83
954,80
955,83
956,80
957,83
958,80
959,84
960,81
961,346
962,80
963,346
964,81
965,347
966,81
967,346
968,81
969,346
970,81
971,346
972,82
973,346
974,82
975,346
976,82
977,347
978,82
979,346
980,82
981,346
982,82
983,346
984,82
985,346
986,82
987,346
988,83
989,80
990,83
991,81
992,83
993,81
994,83
995,346
996,84
997,82
998,84
999,82
1000,85
1001,82
1002,84
1003,82
1004,86
1005,82
1006,85
1007,82
1008,346
1009,82
1010,346
1011,83
1012,346
1013,82
1014,346
1015,83
1016,346
1017,83
1018,346
1019,83
1020,346
1021,83
1022,346
1023,84
1024,346
1025,84
1026,346
1027,84
1028,346
1029,84
1030,346
1031,85
1032,346
1033,85
1034,347
1035,85
1036,346
1037,86
1038,346
1039,86
1040,346
1041,86
1042,346
1043,87
1044,346
1045,87
1046,83
1047,86
1048,84
1049,87
1050,346
1051,87
1052,83
1053,88
1054,84
1055,88
1056,84
1057,346
1058,85
1059,347
1060,85
1061,346
1062,85
1063,346
1064,85
1065,346
1066,85
1067,346
1068,86
1069,347
1070,86
1071,346
1072,86
1073,346
1074,86
1075,346
1076,87
1077,346
1078,87
1079,346
1080,88
1081,346
1082,87
1083,346
1084,87
1085,346
1086,89
1087,346
1088,88
1089,346
1090,89
1091,346
1092,89
1093,346
1094,90
1095,346
1096,89
1097,86
1098,91
1099,346
1100,90
1101,86
1102,91
1103,86
1104,91
1105,86
1106,91
1107,87
1108,346
1109,87
1110,347
1111,88
1112,346
1113,88
1114,346
1115,88
1116,346
1117,88
1118,346
1119,89
1120,346
1121,89
1122,346
1123,89
1124,346
1125,90
1126,346
1127,90
1128,346
1129,91
1130,346
1131,90
1132,346
1133,91
1134,346
1135,91
1136,346
1137,91
1138,346
1139,92
1140,346
1141,93
1142,346
1143,92
1144,346
1145,93
1146,346
1147,94
1148,346
1149,95
1150,346
1151,94
1152,90
1153,346
1154,346
1155,346
1156,346
1157,346
1158,90
1159,346
1160,91
1161,346
1162,91
1163,346
1164,91
1165,346
1166,91
1167,346
1168,92
1169,346
1170,92
1171,346
1172,93
1173,346
1174,92
1175,346
1176,93
1177,346
1178,94
1179,347
1180,94
1181,346
1182,94
1183,346
1184,94
1185,347
1186,95
1187,346
1188,95
1189,346
1190,95
1191,346
1192,95
1193,346
1194,96
1195,346
1196,97
1197,346
1198,96
1199,346
1200,97
1201,346
1202,346
1203,346
1204,346
1205,346
1206,346
1207,92
1208,346
1209,93
1210,346
1211,93
1212,346
1213,93
1214,346
1215,93
1216,346
1217,94
1218,346
1219,94
1220,346
1221,94
1222,346
1223,94
1224,346
1225,94
1226,346
1227,95
1228,346
1229,95
1230,346
1231,95
1232,346
1233,95
1234,346
1235,95
1236,346
1237,96
1238,347
1239,96
1240,346
1241,96
1242,346
1243,96
1244,347
1245,97
1246,346
1247,97
1248,346
1249,98
1250,346
1251,346
1252,346
1253,346
1254,347
1255,346
1256,346
1257,346
1258,346
1259,347
1260,347
1261,346
1262,93
1263,346
1264,94
1265,346
1266,93
1267,346
1268,94
1269,346
1270,94
1271,346
1272,94
1273,346
1274,94
1275,346
1276,95
1277,347
1278,95
1279,346
1280,95
1281,346
1282,95
1283,346
1284,95
1285,346
1286,95
1287,346
1288,96
1289,347
1290,96
1291,346
1292,96
1293,346
1294,97
1295,346
1296,97
1297,346
1298,96
1299,346
1300,97
1301,346
1302,346
1303,346
1304,346
1305,347
1306,346
1307,346
1308,346
1309,346
1310,347
1311,93
1312,346
1313,92
1314,346
1315,93
1316,346
1317,93
1318,346
1319,93
1320,346
1321,93
1322,346
1323,94
1324,346
1325,93
1326,346
1327,93
1328,346
1329,93
1330,347
1331,93
1332,347
1333,94
1334,346
1335,94
1336,346
1337,94
1338,346
1339,94
1340,346
1341,95
1342,346
1343,95
1344,346
1345,96
1346,346
1347,96
1348,346
1349,95
1350,346
1351,95
1352,346
1353,96
1354,347
1355,347
1356,346
1357,346
1358,346
1359,346
1360,91
1361,346
1362,91
1363,346
1364,91
1365,346
1366,90
1367,346
1368,91
1369,346
1370,91
1371,346
1372,92
1373,346
1374,91
1375,346
1376,92
1377,346
1378,92
1379,346
1380,92
1381,346
1382,92
1383,346
1384,93
1385,346
1386,92
1387,346
1388,92
1389,346
1390,92
1391,346
1392,93
1393,346
1394,93
1395,346
1396,93
1397,346
1398,93
1399,346
1400,93
1401,347
1402,94
1403,346
1404,94
1405,346
1406,94
1407,346
1408,346
1409,89
1410,346
1411,346
1412,346
1413,346
1414,346
1415,90
1416,346
1417,89
1418,346
1419,90
1420,346
1421,90
1422,347
1423,91
1424,346
1425,90
1426,346
1427,90
1428,346
1429,90
1430,346
1431,91
1432,347
1433,90
1434,346
1435,90
1436,346
1437,90
1438,346
1439,91
1440,346
1441,90
1442,346
1443,91
1444,346
1445,91
1446,347
1447,91
1448,346
1449,92
1450,347
1451,92
1452,346
1453,93
1454,346
1455,92
1456,346
1457,92
1458,88
1459,346
1460,346
1461,346
1462,88
1463,346
1464,87
1465,346
1466,87
1467,346
1468,87
1469,346
1470,88
1471,346
1472,88
1473,346
1474,88
1475,346
1476,88
1477,346
1478,88
1479,347
1480,89
1481,346
1482,88
1483,347
1484,88
1485,346
1486,88
1487,346
1488,89
1489,346
1490,89
1491,346
1492,89
1493,346
1494,89
1495,346
1496,89
1497,346
1498,90
1499,346
1500,89
1501,346
1502,90
1503,346
1504,90
1505,347
1506,91
1507,85
1508,90
1509,346
1510,90
1511,346
1512,346
1513,85
1514,346
1515,86
1516,346
1517,86
1518,346
1519,86
1520,346
1521,86
1522,346
1523,86
1524,346
1525,86
1526,346
1527,87
1528,346
1529,87
1530,346
1531,87
1532,346
1533,87
1534,346
1535,87
1536,346
1537,87
1538,346
1539,87
1540,346
1541,87
1542,346
1543,87
1544,347
1545,87
1546,346
1547,87
1548,346
1549,87
1550,346
1551,87
1552,346
1553,87
1554,346
1555,87
1556,346
1557,87
1558,346
1559,87
1560,84
1561,88
1562,84
1563,88
1564,84
1565,346
1566,84
1567,346
1568,84
1569,346
1570,85
1571,346
1572,84
1573,346
1574,84
1575,346
1576,84
1577,346
1578,84
1579,346
1580,85
1581,346
1582,85
1583,346
1584,84
1585,346
1586,84
1587,346
1588,85
1589,346
1590,85
1591,346
1592,84
1593,346
1594,84
1595,346
1596,85
1597,346
1598,85
1599,346
1600,85
1601,346
1602,85
1603,346
1604,85
1605,346
1606,85
1607,82
1608,85
1609,81
1610,85
1611,82
1612,85
1613,82
1614,86
1615,82
1616,86
1617,82
1618,85
1619,82
1620,346
1621,82
1622,86
1623,82
1624,347
1625,82
1626,346
1627,82
1628,346
1629,82
1630,346
1631,83
1632,346
1633,83
1634,346
1635,82
1636,346
1637,82
1638,346
1639,83
1640,346
1641,83
1642,346
1643,83
1644,346
1645,83
1646,346
1647,82
1648,346
1649,83
1650,346
1651,82
1652,80
1653,83
1654,80
1655,83
1656,81
1657,83
1658,80
1659,83
1660,80
1661,83
1662,80
1663,84
1664,81
1665,83
1666,80
1667,83
1668,81
1669,83
1670,80
1671,83
1672,80
1673,346
1674,80
1675,83
1676,80
1677,346
1678,80
1679,346
1680,80
1681,346
1682,81
1683,346
1684,81
1685,346
1686,80
1687,346
1688,81
1689,346
1690,80
1691,346
1692,80
1693,346
1694,80
1695,346
1696,81
1697,346
1698,81
1699,346
1700,81
1701,79
1702,81
1703,78
1704,81
1705,346
1706,81
1707,78
1708,81
1709,79
1710,81
1711,79
1712,81
1713,79
1714,81
1715,79
1716,81
1717,79
1718,81
1719,79
1720,81
1721,79
1722,81
1723,79
1724,81
1725,79
1726,81
1727,79
1728,346
1729,79
1730,81
1731,79
1732,346
1733,79
1734,346
1735,78
1736,346
1737,79
1738,346
1739,78
1740,346
1741,79
1742,346
1743,79
1744,346
1745,79
1746,346
1747,78
1748,346
1749,79
1750,77
1751,79
1752,346
1753,79
1754,77
1755,79
1756,77
1757,79
1758,77
1759,79
1760,78
1761,79
1762,77
1763,79
1764,77
1765,79
1766,77
1767,79
1768,77
1769,79
1770,77
1771,79
1772,77
1773,80
1774,77
1775,79
1776,77
1777,80
1778,77
1779,346
1780,77
1781,346
1782,77
1783,346
1784,77
1785,346
1786,77
1787,346
1788,77
1789,346
1790,77
1791,346
1792,77
1793,346
1794,77
1795,346
1796,77
1797,346
1798,77
1799,76
1800,78
1801,76
1802,77
1803,346
1804,77
1805,76
1806,77
1807,75
1808,78
1809,76
1810,78
1811,76
1812,78
1813,76
1814,78
1815,76
1816,78
1817,77
1818,78
1819,77
1820,78
1821,76
1822,79
1823,76
1824,78
1825,76
1826,78
1827,77
1828,79
1829,76
1830,79
1831,77
1832,346
1833,76
1834,346
1835,77
1836,346
1837,77
1838,346
1839,77
1840,346
1841,76
1842,346
1843,77
1844,346
1845,77
1846,346
1847,77
1848,346
1849,77
1850,346
1851,77
1852,346
1853,77
1854,76
1855,77
1856,76
1857,77
1858,75
1859,77
1860,76
1861,78
1862,76
1863,78
1864,75
1865,78
1866,76
1867,77
1868,76
1869,78
1870,76
1871,78
1872,76
1873,78
1874,76
1875,78
1876,76
1877,78
1878,76
1879,79
1880,76
1881,78
1882,76
1883,346
1884,77
1885,347
1886,76
1887,346
1888,76
1889,346
1890,77
1891,346
1892,76
1893,346
1894,76
1895,347
1896,77
1897,346
1898,77
1899,346
1900,77
1901,346
1902,77
1903,346
1904,77
1905,75
1906,77
1907,76
1908,77
1909,75
1910,77
1911,76
1912,77
1913,75
1914,77
1915,76
1916,78
1917,75
1918,78
1919,76
1920,78
1921,76
1922,78
1923,76
1924,78
1925,76
1926,79
1927,77
1928,78
1929,76
1930,346
1931,76
1932,78
1933,76
1934,347
1935,76
1936,346
1937,76
1938,346
1939,76
1940,346
1941,76
1942,346
1943,76
1944,346
1945,77
1946,346
1947,77
1948,346
1949,77
1950,346
1951,77
1952,346
1953,77
1954,346
1955,77
1956,75
1957,77
1958,75
1959,77
1960,75
1961,78
1962,75
1963,77
1964,75
1965,78
1966,75
1967,77
1968,75
1969,78
1970,75
1971,78
1972,76
1973,78
1974,76
1975,79
1976,76
1977,79
1978,76
1979,79
1980,76
1981,346
1982,76
1983,346
1984,76
1985,79
1986,77
1987,346
1988,77
1989,346
1990,76
1991,346
1992,76
1993,346
1994,77
1995,346
1996,77
1997,346
1998,77
1999,346
2000,77
2001,346
2002,77
2003,346
2004,77
2005,346
2006,77
2007,346
2008,77
2009,75
2010,78
2011,346
2012,78
2013,75
2014,78
2015,75
2016,78
2017,75
2018,78
2019,75
2020,78
2021,76
2022,79
2023,76
2024,79
2025,75
2026,79
2027,75
2028,79
2029,76
2030,346
2031,75
2032,346
2033,76
2034,346
2035,75
2036,346
2037,76
2038,346
2039,76
2040,346
2041,76
2042,346
2043,76
2044,347
2045,76
2046,346
2047,76
2048,346
2049,76
2050,346
2051,77
2052,346
2053,77
2054,346
2055,76
2056,346
2057,77
2058,346
2059,77
2060,346
2061,77
2062,346
2063,77
2064,74
2065,77
2066,346
2067,77
2068,74
2069,77
2070,75
2071,77
2072,75
2073,78
2074,75
2075,346
2076,74
2077,346
2078,74
2079,77
2080,75
2081,346
2082,74
2083,346
2084,75
2085,346
2086,75
2087,346
2088,75
2089,346
2090,75
2091,347
2092,75
2093,346
2094,75
2095,346
2096,76
2097,346
2098,75
2099,346
2100,76
2101,346
2102,75
2103,346
2104,76
2105,346
2106,76
2107,346
2108,76
2109,346
2110,76
2111,346
2112,77
2113,346
2114,77
2115,346
2116,77
2117,74
2118,77
2119,346
2120,78
2121,74
2122,78
2123,74
2124,346
2125,74
2126,79
2127,74
2128,346
2129,75
2130,346
2131,75
2132,346
2133,75
2134,346
2135,75
2136,346
2137,75
2138,346
2139,76
2140,346
2141,76
2142,346
2143,76
2144,346
2145,77
2146,346
2147,77
2148,346
2149,77
2150,346
2151,77
2152,346
2153,77
2154,346
2155,77
2156,346
2157,77
2158,346
2159,78
2160,346
2161,79
2162,345
2163,79
2164,346
2165,79
2166,346
2167,80
2168,346
2169,79
2170,346
2171,80
2172,75
2173,80
2174,345
2175,346
2176,76
2177,81
2178,76
2179,346
2180,76
2181,346
2182,77
2183,346
2184,77
2185,346
2186,77
2187,346
2188,78
2189,346
2190,78
2191,346
2192,78
2193,346
2194,78
2195,346
2196,78
2197,346
2198,79
2199,346
2200,79
2201,346
2202,79
2203,346
2204,80
2205,346
2206,80
2207,346
2208,80
2209,346
2210,80
2211,346
2212,80
2213,346
2214,81
2215,346
2216,81
2217,346
2218,81
2219,346
2220,82
2221,346
2222,346
2223,346
2224,346
2225,346
2226,346
2227,346
2228,346
2229,77
2230,346
2231,79
2232,346
2233,78
2234,346
2235,79
2236,346
2237,79
2238,346
2239,79
2240,346
2241,79
2242,346
2243,80
2244,346
2245,80
2246,346
2247,80
2248,346
2249,80
2250,346
2251,81
2252,346
2253,81
2254,346
2255,81
2256,347
2257,82
2258,346
2259,81
2260,346
2261,82
2262,346
2263,82
2264,346
2265,83
2266,346
2267,84
2268,346
2269,346
2270,346
2271,346
2272,346
2273,346
2274,346
2275,346
2276,346
2277,346
2278,79
2279,346
2280,346
2281,346
2282,80
2283,346
2284,80
2285,346
2286,80
2287,346
2288,80
2289,346
2290,81
2291,346
2292,81
2293,346
2294,81
2295,346
2296,82
2297,346
2298,82
2299,346
2300,82
2301,346
2302,82
2303,346
2304,83
2305,346
2306,83
2307,346
2308,83
2309,346
2310,84
2311,346
2312,83
2313,346
2314,84
2315,346
2316,85
2317,346
2318,346
2319,347
2320,346
2321,346
2322,346
2323,346
2324,346
2325,346
2326,346
2327,346
2328,346
2329,346
2330,346
2331,81
2332,346
2333,81
2334,346
2335,81
2336,347
2337,81
2338,346
2339,82
2340,347
2341,83
2342,346
2343,83
2344,346
2345,83
2346,347
2347,83
2348,346
2349,84
2350,346
2351,83
2352,346
2353,83
2354,346
2355,85
2356,346
2357,84
2358,347
2359,84
2360,346
2361,85
2362,346
2363,85
2364,346
2365,85
2366,346
2367,86
2368,346
2369,86
2370,346
2371,86
2372,346
2373,87
2374,346
2375,346
2376,346
2377,346
2378,346
2379,346
2380,346
2381,346
2382,346
2383,346
2384,84
2385,346
2386,84
2387,346
2388,84
2389,346
2390,84
2391,346
2392,85
2393,346
2394,84
2395,346
2396,85
2397,346
2398,85
2399,346
2400,86
2401,346
2402,86
2403,346
2404,87
2405,346
2406,86
2407,346
2408,86
2409,346
2410,87
2411,346
2412,87
2413,346
2414,87
2415,346
2416,88
2417,346
2418,88
2419,346
2420,89
2421,346
2422,346
2423,346
2424,346
2425,346
2426,346
2427,346
2428,346
2429,346
2430,346
2431,346
2432,346
2433,346
2434,346
2435,85
2436,346
2437,86
2438,346
2439,86
2440,346
2441,86
2442,346
2443,86
2444,346
2445,85
2446,346
2447,86
2448,346
2449,86
2450,346
2451,86
2452,346
2453,86
2454,346
2455,87
2456,346
2457,87
2458,346
2459,88
2460,346
2461,88
2462,346
2463,88
2464,346
2465,89
2466,346
2467,89
2468,346
2469,90
2470,346
2471,89
2472,346
2473,89
2474,346
2475,89
2476,346
2477,90
2478,346
2479,346
2480,85
2481,346
2482,85
2483,346
2484,86
2485,346
2486,86
2487,346
2488,85
2489,346
2490,86
2491,346
2492,85
2493,346
2494,86
2495,346
2496,87
2497,346
2498,86
2499,346
2500,86
2501,346
2502,86
2503,346
2504,87
2505,346
2506,87
2507,346
2508,87
2509,346
2510,88
2511,346
2512,88
2513,346
2514,88
2515,346
2516,87
2517,346
2518,88
2519,346
2520,87
2521,346
2522,88
2523,346
2524,88
2525,346
2526,89
2527,346
2528,89
2529,346
2530,346
2531,346
2532,346
2533,346
2534,346
2535,85
2536,346
2537,85
2538,346
2539,85
2540,346
2541,85
2542,346
2543,85
2544,346
2545,85
2546,346
2547,85
2548,347
2549,85
2550,346
2551,85
2552,346
2553,86
2554,346
2555,85
2556,346
2557,85
2558,346
2559,85
2560,346
2561,85
2562,346
2563,86
2564,346
2565,86
2566,346
2567,85
2568,346
2569,86
2570,346
2571,86
2572,346
2573,86
2574,346
2575,86
2576,346
2577,87
2578,346
2579,87
2580,82
2581,86
2582,83
2583,346
2584,82
2585,346
2586,83
2587,86
2588,83
2589,346
2590,82
2591,346
2592,82
2593,346
2594,82
2595,346
2596,83
2597,346
2598,82
2599,346
2600,82
2601,346
2602,83
2603,346
2604,82
2605,346
2606,83
2607,346
2608,83
2609,346
2610,82
2611,346
2612,83
2613,346
2614,83
2615,346
2616,83
2617,346
2618,83
2619,346
2620,83
2621,346
2622,84
2623,346
2624,84
2625,346
2626,83
2627,80
2628,83
2629,80
2630,83
2631,80
2632,84
2633,80
2634,83
2635,80
2636,84
2637,79
2638,83
2639,80
2640,346
2641,80
2642,346
2643,80
2644,346
2645,79
2646,346
2647,80
2648,346
2649,80
2650,346
2651,79
2652,346
2653,79
2654,347
2655,79
2656,346
2657,79
2658,346
2659,79
2660,346
2661,80
2662,346
2663,80
2664,346
2665,79
2666,346
2667,80
2668,346
2669,80
2670,346
2671,79
2672,346
2673,79
2674,77
2675,80
2676,77
2677,80
2678,76
2679,80
2680,77
2681,79
2682,76
2683,80
2684,77
2685,79
2686,77
2687,80
2688,77
2689,80
2690,77
2691,80
2692,76
2693,346
2694,76
2695,346
2696,76
2697,346
2698,77
2699,346
2700,76
2701,346
2702,76
2703,346
2704,76
2705,346
2706,76
2707,346
2708,77
2709,346
2710,76
2711,346
2712,77
2713,346
2714,76
2715,346
2716,76
2717,346
2718,75
2719,346
2720,77
2721,346
2722,76
2723,346
2724,76
2725,74
2726,76
2727,74
2728,76
2729,74
2730,76
2731,74
2732,77
2733,74
2734,76
2735,74
2736,76
2737,73
2738,76
2739,74
2740,76
2741,73
2742,77
2743,73
2744,76
2745,73
2746,346
2747,74
2748,77
2749,74
2750,346
2751,73
2752,346
2753,73
2754,346
2755,74
2756,346
2757,73
2758,345
2759,74
2760,346
2761,73
2762,346
2763,74
2764,346
2765,73
2766,346
2767,74
2768,346
2769,73
2770,71
2771,73
2772,346
2773,74
2774,72
2775,73
2776,72
2777,74
2778,72
2779,74
2780,72
2781,73
2782,72
2783,74
2784,71
2785,73
2786,71
2787,73
2788,72
2789,73
2790,72
2791,74
2792,71
2793,74
2794,72
2795,74
2796,72
2797,74
2798,72
2799,346
2800,71
2801,346
2802,72
2803,74
2804,71
2805,346
2806,72
2807,346
2808,71
2809,346
2810,71
2811,346
2812,72
2813,346
2814,72
2815,346
2816,72
2817,346
2818,72
2819,346
2820,72
2821,346
2822,72
2823,70
2824,72
2825,70
2826,72
2827,70
2828,72
2829,70
2830,71
2831,70
2832,72
2833,69
2834,72
2835,70
2836,72
2837,70
2838,72
2839,70
2840,72
2841,70
2842,72
2843,70
2844,73
2845,70
2846,72
2847,71
2848,346
2849,70
2850,72
2851,70
2852,346
2853,70
2854,346
2855,71
2856,346
2857,70
2858,346
2859,70
2860,346
2861,71
2862,346
2863,70
2864,346
2865,71
2866,346
2867,71
2868,346
2869,71
2870,346
2871,71
2872,69
2873,71
2874,346
2875,71
2876,70
2877,72
2878,69
2879,71
2880,70
2881,71
2882,70
2883,71
2884,70
2885,72
2886,71
2887,71
2888,69
2889,72
2890,70
2891,72
2892,69
2893,72
2894,70
2895,72
2896,70
2897,72
2898,70
2899,72
2900,70
2901,346
2902,70
2903,346
2904,70
2905,346
2906,70
2907,73
2908,70
2909,346
2910,71
2911,346
2912,71
2913,346
2914,71
2915,346
2916,71
2917,346
2918,71
2919,346
2920,72
2921,70
2922,72
2923,346
2924,71
2925,70
2926,71
2927,70
2928,71
2929,69
2930,72
2931,70
2932,71
2933,70
2934,71
2935,71
2936,72
2937,70
2938,72
2939,70
2940,72
2941,70
2942,71
2943,70
2944,72
2945,71
2946,73
2947,70
2948,73
2949,71
2950,73
2951,70
2952,346
2953,71
2954,346
2955,71
2956,346
2957,71
2958,346
2959,71
2960,346
2961,71
2962,346
2963,71
2964,346
2965,71
2966,346
2967,71
2968,346
2969,72
2970,346
2971,71
2972,346
2973,71
2974,70
2975,72
2976,346
2977,72
2978,346
2979,72
2980,70
2981,73
2982,71
2983,73
2984,71
2985,73
2986,71
2987,73
2988,71
2989,73
2990,70
2991,73
2992,71
2993,74
2994,71
2995,74
2996,71
2997,74
2998,71
2999,74
3000,71
3001,346
3002,71
3003,74
3004,72
3005,346
3006,72
3007,346
3008,72
3009,346
3010,72
3011,346
3012,72
3013,346
3014,72
3015,346
3016,72
3017,346
3018,72
3019,346
3020,73
3021,345
3022,73
3023,346
3024,73
3025,346
3026,73
3027,346
3028,74
3029,346
3030,74
3031,71
3032,74
3033,72
3034,74
3035,72
3036,74
3037,72
3038,74
3039,72
3040,75
3041,72
3042,75
3043,72
3044,75
3045,72
3046,76
3047,73
3048,75
3049,73
3050,76
3051,73
3052,77
3053,73
3054,346
3055,74
3056,346
3057,73
3058,346
3059,73
3060,346
3061,74
3062,346
3063,74
3064,346
3065,74
3066,346
3067,73
3068,346
3069,74
3070,346
3071,75
3072,346
3073,75
3074,346
3075,74
3076,346
3077,75
3078,73
3079,75
3080,346
3081,76
3082,73
3083,75
3084,73
3085,76
3086,73
3087,76
3088,74
3089,77
3090,74
3091,77
3092,74
3093,78
3094,74
3095,77
3096,74
3097,78
3098,74
3099,346
3100,74
3101,78
3102,75
3103,346
3104,75
3105,345
3106,74
3107,346
3108,75
3109,346
3110,75
3111,346
3112,75
3113,346
3114,75
3115,346
3116,76
3117,346
3118,76
3119,346
3120,76
3121,346
3122,76
3123,346
3124,77
3125,346
3126,77
3127,346
3128,77
3129,346
3130,77
3131,346
3132,77
3133,346
3134,78
3135,346
3136,79
3137,75
3138,78
3139,75
3140,79
3141,75
3142,79
3143,75
3144,80
3145,76
3146,79
3147,76
3148,346
3149,76
3150,346
3151,76
3152,346
3153,77
3154,346
3155,76
3156,345
3157,77
3158,346
3159,77
3160,346
3161,77
3162,346
3163,77
3164,346
3165,78
3166,346
3167,78
3168,346
3169,79
3170,346
3171,78
3172,346
3173,79
3174,346
3175,79
3176,346
3177,79
3178,346
3179,80
3180,346
3181,80
3182,346
3183,80
3184,346
3185,80
3186,346
3187,80
3188,346
3189,81
3190,77
3191,81
3192,346
3193,82
3194,77
3195,81
3196,77
3197,346
3198,78
3199,346
3200,78
3201,346
3202,78
3203,346
3204,78
3205,346
3206,78
3207,346
3208,79
3209,346
3210,79
3211,346
3212,79
3213,346
3214,80
3215,346
3216,79
3217,346
3218,80
3219,346
3220,80
3221,346
3222,80
3223,346
3224,81
3225,346
3226,81
3227,346
3228,81
3229,346
3230,82
3231,346
3232,81
3233,346
3234,82
3235,346
3236,83
3237,346
3238,84
3239,346
3240,83
3241,79
3242,84
3243,346
3244,346
3245,346
3246,346
3247,79
3248,346
3249,80
3250,346
3251,80
3252,346
3253,80
3254,346
3255,80
3256,346
3257,81
3258,346
3259,81
3260,346
3261,81
3262,346
3263,81
3264,346
3265,82
3266,346
3267,83
3268,346
3269,82
3270,346
3271,83
3272,346
3273,84
3274,346
3275,84
3276,346
3277,84
3278,346
3279,84
3280,346
3281,84
3282,346
3283,85
3284,346
3285,86
3286,346
3287,85
3288,346
3289,86
3290,346
3291,87
3292,346
3293,346
3294,346
3295,87
3296,82
3297,346
3298,346
3299,346
3300,346
3301,346
3302,82
3303,346
3304,83
3305,346
3306,84
3307,346
3308,84
3309,346
3310,84
3311,346
3312,84
3313,346
3314,85
3315,346
3316,85
3317,346
3318,86
3319,346
3320,86
3321,346
3322,86
3323,346
3324,86
3325,346
3326,87
3327,346
3328,87
3329,346
3330,87
3331,346
3332,87
3333,346
3334,88
3335,346
3336,88
3337,346
3338,90
3339,346
3340,89
3341,346
3342,90
3343,346
3344,346
3345,346
3346,346
3347,346
3348,346
3349,346
3350,346
3351,346
3352,346
3353,85
3354,347
3355,86
3356,346
3357,86
3358,346
3359,86
3360,346
3361,87
3362,346
3363,87
3364,346
3365,87
3366,346
3367,88
3368,346
3369,88
3370,346
3371,88
3372,346
3373,88
3374,346
3375,89
3376,346
3377,89
3378,346
3379,90
3380,346
3381,89
3382,346
3383,90
3384,346
3385,90
3386,346
3387,91
3388,346
3389,90
3390,346
3391,91
3392,346
3393,346
3394,346
3395,346
3396,346
3397,346
3398,346
3399,346
3400,346
3401,346
3402,346
3403,347
3404,346
3405,346
3406,88
3407,346
3408,88
3409,346
3410,88
3411,346
3412,88
3413,346
3414,89
3415,346
3416,89
3417,346
3418,89
3419,346
3420,89
3421,346
3422,90
3423,346
3424,90
3425,346
3426,89
3427,346
3428,90
3429,346
3430,89
3431,346
3432,90
3433,346
3434,90
3435,346
3436,91
3437,346
3438,92
3439,347
3440,92
3441,346
3442,93
3443,346
3444,346
3445,346
3446,346
3447,346
3448,346
3449,88
3450,347
3451,88
3452,346
3453,346
3454,346
3455,88
3456,346
3457,87
3458,346
3459,88
3460,346
3461,88
3462,347
3463,88
3464,346
3465,89
3466,346
3467,89
3468,346
3469,89
3470,346
3471,89
3472,346
3473,90
3474,346
3475,90
3476,346
3477,90
3478,346
3479,90
3480,346
3481,91
3482,347
3483,91
3484,346
3485,91
3486,346
3487,91
3488,346
3489,91
3490,346
3491,92
3492,346
3493,346
3494,346
3495,92
3496,346
3497,346
3498,347
3499,346
3500,346
3501,346
3502,87
3503,346
3504,87
3505,346
3506,346
3507,346
3508,88
3509,346
3510,88
3511,346
3512,88
3513,346
3514,88
3515,346
3516,88
3517,346
3518,88
3519,346
3520,88
3521,346
3522,88
3523,346
3524,89
3525,346
3526,89
3527,346
3528,89
3529,346
3530,89
3531,346
3532,90
3533,346
3534,90
3535,346
3536,90
3537,346
3538,89
3539,346
3540,90
3541,347
3542,90
3543,346
3544,91
3545,346
3546,91
3547,346
3548,91
3549,346
3550,346
3551,346
3552,346
3553,86
3554,346
3555,87
3556,346
3557,85
3558,346
3559,86
3560,346
3561,87
3562,346
3563,86
3564,346
3565,87
3566,346
3567,87
3568,346
3569,87
3570,346
3571,87
3572,346
3573,87
3574,346
3575,88
3576,346
3577,88
3578,346
3579,88
3580,346
3581,87
3582,346
3583,87
3584,346
3585,88
3586,346
3587,89
3588,346
3589,88
3590,346
3591,88
3592,346
3593,89
3594,346
3595,89
3596,346
3597,88
3598,85
3599,89
3600,346
3601,346
3602,346
3603,346
3604,85
3605,346
3606,85
3607,346
3608,84
3609,346
3610,85
3611,347
3612,85
3613,346
3614,85
3615,346
3616,85
3617,346
3618,85
3619,346
3620,85
3621,346
3622,85
3623,346
3624,85
3625,347
3626,85
3627,346
3628,86
3629,346
3630,86
3631,346
3632,86
3633,346
3634,86
3635,346
3636,86
3637,346
3638,86
3639,346
3640,87
3641,346
3642,87
3643,346
3644,87
3645,346
3646,87
3647,346
3648,87
3649,83
3650,87
3651,83
3652,87
3653,84
3654,87
3655,83
3656,346
3657,83
3658,346
3659,84
3660,346
3661,84
3662,346
3663,83
3664,346
3665,84
3666,346
3667,84
3668,346
3669,83
3670,346
3671,84
3672,347
3673,83
3674,346
3675,84
3676,346
3677,84
3678,346
3679,84
3680,346
3681,84
3682,346
3683,85
3684,346
3685,84
3686,346
3687,84
3688,346
3689,84
3690,346
3691,85
3692,346
3693,84
3694,81
3695,85
3696,346
3697,85
3698,82
3699,85
3700,81
3701,85
3702,82
3703,85
3704,81
3705,85
3706,81
3707,86
3708,82
3709,85
3710,82
3711,346
3712,82
3713,86
3714,82
3715,346
3716,82
3717,346
3718,82
3719,346
3720,82
3721,346
3722,82
3723,346
3724,82
3725,346
3726,82
3727,346
3728,82
3729,346
3730,82
3731,346
3732,82
3733,346
3734,82
3735,346
3736,82
3737,346
3738,82
3739,346
3740,82
3741,346
3742,82
3743,347
3744,82
3745,80
3746,82
3747,346
3748,83
3749,80
3750,82
3751,80
3752,83
3753,80
3754,83
3755,80
3756,82
3757,80
3758,83
3759,80
3760,83
3761,80
3762,84
3763,80
3764,83
3765,80
3766,346
3767,80
3768,83
3769,80
3770,346
3771,80
3772,346
3773,81
3774,346
3775,80
3776,346
3777,80
3778,346
3779,80
3780,346
3781,80
3782,346
3783,81
3784,345
3785,81
3786,346
3787,80
3788,346
3789,81
3790,346
3791,80
3792,346
3793,81
3794,78
3795,80
3796,78
3797,81
3798,78
3799,80
3800,79
3801,81
3802,79
3803,81
3804,79
3805,81
3806,79
3807,81
3808,79
3809,82
3810,79
3811,81
3812,79
3813,82
3814,79
3815,81
3816,79
3817,346
3818,79
3819,82
3820,79
3821,346
3822,79
3823,346
3824,79
3825,346
3826,79
3827,346
3828,79
3829,346
3830,79
3831,346
3832,79
3833,346
3834,79
3835,346
3836,79
3837,346
3838,79
3839,346
3840,79
3841,77
3842,79
3843,346
3844,79
3845,77
3846,79
3847,78
3848,79
3849,78
3850,79
3851,77
3852,80
3853,78
3854,79
3855,78
3856,79
3857,78
3858,80
3859,78
3860,80
3861,78
3862,79
3863,78
3864,80
3865,78
3866,80
3867,78
3868,80
3869,78
3870,80
3871,78
3872,346
3873,78
3874,80
3875,78
3876,346
3877,78
3878,346
3879,78
3880,346
3881,78
3882,346
3883,78
3884,346
3885,78
3886,346
3887,77
3888,346
3889,78
3890,76
3891,78
3892,346
3893,78
3894,77
3895,78
3896,76
3897,78
3898,77
3899,78
3900,77
3901,78
3902,77
3903,79
3904,77
3905,79
3906,77
3907,79
3908,77
3909,79
3910,77
3911,79
3912,77
3913,79
3914,77
3915,79
3916,77
3917,79
3918,77
3919,79
3920,77
3921,79
3922,77
3923,79
3924,77
3925,346
3926,77
3927,346
3928,77
3929,346
3930,77
3931,346
3932,77
3933,346
3934,77
3935,346
3936,77
3937,346
3938,78
3939,346
3940,78
3941,76
3942,78
3943,346
3944,78
3945,346
3946,77
3947,76
3948,78
3949,76
3950,78
3951,76
3952,78
3953,76
3954,78
3955,76
3956,78
3957,77
3958,78
3959,76
3960,79
3961,76
3962,78
3963,77
3964,79
3965,77
3966,79
3967,77
3968,79
3969,77
3970,79
3971,77
3972,78
3973,77
3974,346
3975,77
3976,346
3977,77
3978,346
3979,77
3980,346
3981,77
3982,346
3983,78
3984,346
3985,78
3986,346
3987,77
3988,346
3989,78
3990,346
3991,78
3992,346
3993,78
3994,346
3995,78
3996,76
3997,78
3998,77
3999,78
4000,76
4001,78
4002,77
4003,79
4004,77
4005,79
4006,77
4007,78
4008,77
4009,79
4010,77
4011,78
4012,77
4013,79
4014,77
4015,79
4016,77
4017,79
4018,78
4019,80
4020,77
4021,80
4022,77
4023,346
4024,78
4025,81
4026,78
4027,346
4028,78
4029,346
4030,78
4031,346
4032,78
4033,346
4034,78
4035,346
4036,78
4037,346
4038,79
4039,346
4040,79
4041,346
4042,79
4043,346
4044,79
4045,346
4046,79
4047,346
4048,80
4049,77
4050,79
4051,78
4052,79
4053,77
4054,80
4055,77
4056,79
4057,78
4058,80
4059,78
4060,80
4061,78
4062,81
4063,78
4064,81
4065,78
4066,81
4067,79
4068,81
4069,79
4070,346
4071,79
4072,346
4073,79
4074,82
4075,79
4076,346
4077,79
4078,346
4079,79
4080,346
4081,79
4082,346
4083,79
4084,346
4085,79
4086,346
4087,80
4088,346
4089,81
4090,346
4091,81
4092,346
4093,81
4094,346
4095,81
4096,346
4097,81
4098,346
4099,81
4100,79
4101,81
4102,346
4103,81
4104,79
4105,81
4106,79
4107,82
4108,80
4109,82
4110,80
4111,82
4112,80
4113,82
4114,80
4115,83
4116,80
4117,83
4118,80
4119,84
4120,80
4121,83
4122,81
4123,346
4124,81
4125,346
4126,80
4127,346
4128,81
4129,346
4130,81
4131,346
4132,81
4133,346
4134,82
4135,346
4136,82
4137,346
4138,82
4139,346
4140,82
4141,346
4142,83
4143,346
4144,82
4145,346
4146,82
4147,346
4148,83
4149,346
4150,83
4151,346
4152,84
4153,81
4154,84
4155,346
4156,84
4157,81
4158,85
4159,81
4160,84
4161,81
4162,85
4163,82
4164,85
4165,81
4166,86
4167,82
4168,346
4169,82
4170,86
4171,82
4172,346
4173,83
4174,346
4175,83
4176,347
4177,83
4178,346
4179,83
4180,346
4181,83
4182,346
4183,83
4184,346
4185,83
4186,346
4187,84
4188,346
4189,84
4190,346
4191,84
4192,346
4193,85
4194,346
4195,85
4196,346
4197,85
4198,346
4199,85
4200,346
4201,85
4202,345
4203,86
4204,346
4205,86
4206,346
4207,86
4208,346
4209,87
4210,83
4211,87
4212,346
4213,87
4214,83
4215,346
4216,83
4217,88
4218,84
4219,346
4220,84
4221,346
4222,85
4223,346
4224,84
4225,346
4226,84
4227,346
4228,85
4229,346
4230,86
4231,346
4232,85
4233,346
4234,85
4235,346
4236,85
4237,346
4238,86
4239,346
4240,86
4241,346
4242,86
4243,346
4244,86
4245,346
4246,87
4247,346
4248,87
4249,346
4250,87
4251,346
4252,88
4253,346
4254,88
4255,346
4256,88
4257,346
4258,88
4259,346
4260,89
4261,85
4262,89
4263,346
4264,346
4265,84
4266,90
4267,85
4268,346
4269,85
4270,347
4271,86
4272,346
4273,86
4274,346
4275,86
4276,346
4277,87
4278,346
4279,86
4280,346
4281,87
4282,346
4283,87
4284,346
4285,87
4286,346
4287,87
4288,346
4289,87
4290,346
4291,88
4292,346
4293,88
4294,346
4295,88
4296,346
4297,88
4298,346
4299,89
4300,347
4301,90
4302,346
4303,89
4304,346
4305,90
4306,346
4307,90
4308,346
4309,91
4310,346
4311,346
4312,346
4313,346
4314,346
4315,346
4316,346
4317,346
4318,346
4319,346
4320,346
4321,346
4322,87
4323,347
4324,87
4325,346
4326,88
4327,346
4328,88
4329,346
4330,88
4331,346
4332,89
4333,346
4334,88
4335,346
4336,89
4337,346
4338,89
4339,346
4340,90
4341,346
4342,89
4343,346
4344,90
4345,347
4346,90
4347,346
4348,91
4349,346
4350,90
4351,346
4352,91
4353,346
4354,92
4355,346
4356,91
4357,346
4358,92
4359,347
4360,92
4361,346
4362,346
4363,347
4364,346
4365,346
4366,346
4367,88
4368,346
4369,346
4370,346
4371,346
4372,346
4373,89
4374,346
4375,88
4376,346
4377,89
4378,346
4379,90
4380,346
4381,89
4382,346
4383,90
4384,346
4385,90
4386,346
4387,90
4388,346
4389,91
4390,346
4391,91
4392,347
4393,91
4394,346
4395,91
4396,346
4397,91
4398,346
4399,92
4400,346
4401,92
4402,346
4403,93
4404,346
4405,93
4406,346
4407,93
4408,346
4409,93
4410,346
4411,346
4412,346
4413,346
4414,347
4415,346
4416,346
4417,346
4418,346
4419,346
4420,346
4421,346
4422,346
4423,346
4424,89
4425,346
4426,90
4427,346
4428,90
4429,347
4430,90
4431,346
4432,90
4433,347
4434,91
4435,346
4436,91
4437,346
4438,91
4439,346
4440,91
4441,346
4442,92
4443,347
4444,92
4445,346
4446,92
4447,346
4448,92
4449,346
4450,93
4451,346
4452,93
4453,346
4454,93
4455,346
4456,94
4457,346
4458,95
4459,346
4460,94
4461,346
4462,95
4463,347
4464,346
4465,346
4466,346
4467,346
4468,346
4469,347
4470,346
4471,347
4472,346
4473,90
4474,346
4475,91
4476,347
4477,91
4478,346
4479,90
4480,346
4481,90
4482,346
4483,91
4484,346
4485,91
4486,346
4487,91
4488,346
4489,91
4490,346
4491,92
4492,346
4493,92
4494,346
4495,92
4496,346
4497,92
4498,346
4499,92
4500,346
4501,92
4502,346
4503,93
4504,347
4505,93
4506,346
4507,93
4508,346
4509,93
4510,346
4511,95
4512,346
4513,95
4514,347
4515,347
4516,346
4517,346
4518,346
4519,346
4520,346
4521,346
4522,345
4523,346
4524,346
4525,346
4526,90
4527,346
4528,89
4529,346
4530,89
4531,346
4532,90
4533,346
4534,90
4535,346
4536,90
4537,346
4538,90
4539,346
4540,90
4541,346
4542,91
4543,346
4544,91
4545,347
4546,91
4547,346
4548,91
4549,346
4550,92
4551,346
4552,92
4553,346
4554,92
4555,346
4556,93
4557,346
4558,93
4559,346
4560,93
4561,346
4562,94
4563,346
4564,346
4565,346
4566,346
4567,346
4568,94
4569,346
4570,346
4571,90
4572,346
4573,346
4574,346
4575,89
4576,346
4577,89
4578,346
4579,89
4580,346
4581,89
4582,346
4583,89
4584,346
4585,90
4586,347
4587,89
4588,346
4589,90
4590,346
4591,89
4592,346
4593,90
4594,346
4595,90
4596,346
4597,90
4598,346
4599,90
4600,346
4601,90
4602,346
4603,90
4604,346
4605,91
4606,346
4607,91
4608,346
4609,91
4610,346
4611,91
4612,346
4613,92
4614,346
4615,92
4616,346
4617,93
4618,346
4619,346
4620,346
4621,346
4622,346
4623,346
4624,88
4625,346
4626,86
4627,346
4628,87
4629,346
4630,88
4631,347
4632,88
4633,346
4634,88
4635,346
4636,89
4637,346
4638,88
4639,347
4640,88
4641,346
4642,88
4643,346
4644,89
4645,346
4646,89
4647,346
4648,89
4649,346
4650,89
4651,346
4652,89
4653,346
4654,89
4655,346
4656,89
4657,346
4658,89
4659,346
4660,90
4661,346
4662,90
4663,346
4664,90
4665,346
4666,90
4667,346
4668,90
4669,86
4670,90
4671,346
4672,91
4673,86
4674,90
4675,87
4676,346
4677,87
4678,346
4679,86
4680,346
4681,86
4682,346
4683,87
4684,346
4685,87
4686,346
4687,87
4688,346
4689,88
4690,346
4691,87
4692,346
4693,88
4694,346
4695,87
4696,346
4697,88
4698,346
4699,88
4700,346
4701,88
4702,346
4703,88
4704,346
4705,89
4706,346
4707,88
4708,346
4709,88
4710,346
4711,88
4712,346
4713,88
4714,346
4715,88
4716,346
4717,88
4718,85
4719,88
4720,346
4721,89
4722,86
4723,89
4724,85
4725,90
4726,85
4727,89
4728,86
4729,90
4730,86
4731,346
4732,86
4733,89
4734,86
4735,346
4736,86
4737,346
4738,85
4739,346
4740,86
4741,346
4742,86
4743,346
4744,86
4745,346
4746,86
4747,346
4748,86
4749,346
4750,86
4751,346
4752,86
4753,346
4754,87
4755,346
4756,87
4757,346
4758,87
4759,346
4760,87
4761,346
4762,86
4763,346
4764,87
4765,346
4766,88
4767,84
4768,87
4769,84
4770,87
4771,84
4772,88
4773,85
4774,86
4775,85
4776,88
4777,85
4778,88
4779,84
4780,346
4781,84
4782,88
4783,84
4784,346
4785,85
4786,346
4787,85
4788,346
4789,84
4790,346
4791,85
4792,346
4793,85
4794,346
4795,85
4796,346
4797,85
4798,346
4799,85
4800,346
4801,85
4802,346
4803,85
4804,346
4805,85
4806,346
4807,85
4808,346
4809,85
4810,346
4811,86
4812,346
4813,86
4814,346
4815,85
4816,83
4817,85
4818,83
4819,86
4820,83
4821,86
4822,83
4823,86
4824,83
4825,86
4826,83
4827,86
4828,83
4829,86
4830,83
4831,86
4832,84
4833,87
4834,83
4835,86
4836,84
4837,346
4838,83
4839,346
4840,83
4841,86
4842,84
4843,346
4844,83
4845,346
4846,83
4847,346
4848,83
4849,346
4850,83
4851,346
4852,83
4853,346
4854,83
4855,346
4856,83
4857,346
4858,83
4859,346
4860,84
4861,346
4862,84
4863,81
4864,83
4865,346
4866,84
4867,81
4868,83
4869,82
4870,84
4871,82
4872,83
4873,82
4874,84
4875,82
4876,83
4877,82
4878,83
4879,82
4880,84
4881,82
4882,84
4883,82
4884,84
4885,81
4886,85
4887,82
4888,84
4889,82
4890,346
4891,82
4892,346
4893,82
4894,347
4895,82
4896,346
4897,82
4898,346
4899,82
4900,346
4901,82
4902,346
4903,82
4904,346
4905,83
4906,346
4907,82
4908,347
4909,82
4910,346
4911,83
4912,346
4913,83
4914,81
4915,83
4916,81
4917,83
4918,81
4919,83
4920,81
4921,83
4922,82
4923,83
4924,81
4925,83
4926,81
4927,83
4928,82
4929,83
4930,82
4931,83
4932,82
4933,84
4934,81
4935,84
4936,82
4937,84
4938,82
4939,84
4940,82
4941,85
4942,82
4943,85
4944,82
4945,346
4946,82
4947,346
4948,82
4949,346
4950,82
4951,346
4952,83
4953,346
4954,82
4955,346
4956,83
4957,346
4958,83
4959,346
4960,83
4961,81
4962,83
4963,346
4964,82
4965,81
4966,83
4967,82
4968,83
4969,82
4970,84
4971,82
4972,84
4973,82
4974,83
4975,82
4976,84
4977,82
4978,84
4979,82
4980,84
4981,82
4982,84
4983,82
4984,84
4985,82
4986,84
4987,83
4988,85
4989,83
4990,84
4991,83
4992,84
4993,82
4994,346
4995,82
4996,346
4997,82
4998,346
4999,83
5000,346
5001,83
5002,346
5003,83
5004,346
5005,83
5006,346
5007,83
5008,346
5009,83
5010,346
5011,83
5012,346
5013,83
5014,346
5015,83
5016,81
5017,83
5018,81
5019,83
5020,82
5021,84
5022,81
5023,83
5024,82
5025,84
5026,82
5027,84
5028,81
5029,84
5030,82
5031,84
5032,82
5033,84
5034,82
5035,84
5036,82
5037,85
5038,82
5039,85
5040,82
5041,84
5042,82
5043,85
5044,82
5045,346
5046,82
5047,346
5048,82
5049,346
5050,83
5051,346
5052,82
5053,346
5054,82
5055,346
5056,82
5057,346
5058,83
5059,346
5060,83
5061,346
5062,83
5063,346
5064,83
5065,346
5066,83
5067,81
5068,83
5069,82
5070,83
5071,82
5072,84
5073,82
5074,83
5075,81
5076,84
5077,82
5078,84
5079,82
5080,83
5081,82
5082,84
5083,82
5084,84
5085,82
5086,84
5087,83
5088,84
5089,82
5090,346
5091,82
5092,346
5093,82
5094,346
5095,83
5096,85
5097,83
5098,346
5099,83
5100,346
5101,83
5102,346
5103,83
5104,346
5105,83
5106,346
5107,83
5108,346
5109,83
5110,346
5111,84
5112,346
5113,84
5114,346
5115,84
5116,345
5117,84
5118,82
5119,84
5120,82
5121,84
5122,82
5123,84
5124,82
5125,84
5126,82
5127,85
5128,83
5129,84
5130,82
5131,85
5132,83
5133,85
5134,82
5135,85
5136,83
5137,85
5138,82
5139,86
5140,83
5141,86
5142,84
5143,346
5144,83
5145,346
5146,83
5147,346
5148,84
5149,346
5150,83
5151,346
5152,84
5153,346
5154,84
5155,346
5156,84
5157,346
5158,84
5159,346
5160,84
5161,346
5162,84
5163,346
5164,85
5165,346
5166,85
5167,346
5168,85
5169,82
5170,85
5171,346
5172,85
5173,82
5174,86
5175,83
5176,86
5177,83
5178,86
5179,83
5180,86
5181,83
5182,86
5183,83
5184,86
5185,84
5186,87
5187,84
5188,87
5189,84
5190,87
5191,83
5192,346
5193,84
5194,346
5195,84
5196,346
5197,84
5198,346
5199,84
5200,346
5201,85
5202,346
5203,85
5204,346
5205,86
5206,346
5207,85
5208,346
5209,85
5210,346
5211,86
5212,347
5213,85
5214,346
5215,87
5216,346
5217,86
5218,346
5219,86
5220,346
5221,87
5222,346
5223,87
5224,346
5225,87
5226,84
5227,87
5228,346
5229,87
5230,85
5231,88
5232,84
5233,89
5234,85
5235,89
5236,85
5237,89
5238,85
5239,89
5240,85
5241,346
5242,86
5243,346
5244,86
5245,346
5246,86
5247,346
5248,86
5249,346
5250,86
5251,346
5252,86
5253,347
5254,86
5255,346
5256,87
5257,346
5258,87
5259,346
5260,87
5261,346
5262,88
5263,346
5264,88
5265,346
5266,88
5267,346
5268,88
5269,346
5270,89
5271,347
5272,88
5273,346
5274,89
5275,346
5276,90
5277,346
5278,90
5279,86
5280,90
5281,346
5282,91
5283,86
5284,90
5285,87
5286,346
5287,86
5288,347
5289,87
5290,346
5291,87
5292,346
5293,87
5294,346
5295,87
5296,347
5297,88
5298,346
5299,88
5300,346
5301,88
5302,346
5303,88
5304,346
5305,88
5306,346
5307,89
5308,346
5309,89
5310,346
5311,89
5312,346
5313,90
5314,346
5315,90
5316,346
5317,90
5318,346
5319,91
5320,346
5321,91
5322,346
5323,91
5324,346
5325,92
5326,346
5327,91
5328,346
5329,91
5330,346
5331,92
5332,346
5333,93
5334,346
5335,346
5336,88
5337,92
5338,88
5339,346
5340,88
5341,346
5342,89
5343,346
5344,89
5345,346
5346,89
5347,347
5348,90
5349,346
5350,89
5351,346
5352,90
5353,346
5354,90
5355,346
5356,90
5357,346
5358,91
5359,346
5360,90
5361,346
5362,91
5363,346
5364,91
5365,346
5366,92
5367,346
5368,92
5369,346
5370,93
5371,346
5372,92
5373,346
5374,92
5375,346
5376,93
5377,346
5378,94
5379,346
5380,94
5381,346
5382,93
5383,346
5384,94
5385,346
5386,346
5387,90
5388,347
5389,346
5390,346
5391,89
5392,346
5393,90
5394,346
5395,90
5396,346
5397,91
5398,346
5399,90
5400,346
5401,91
5402,346
5403,91
5404,346
5405,92
5406,346
5407,93
5408,346
5409,92
5410,346
5411,92
5412,346
5413,92
5414,346
5415,92
5416,346
5417,93
5418,346
5419,94
5420,346
5421,94
5422,346
5423,95
5424,346
5425,94
5426,346
5427,94
5428,346
5429,95
5430,346
5431,346
5432,346
5433,346
5434,346
5435,346
5436,346
5437,346
5438,346
5439,347
5440,346
5441,346
5442,347
5443,346
5444,346
5445,347
5446,92
5447,346
5448,91
5449,346
5450,91
5451,346
5452,92
5453,346
5454,91
5455,346
5456,92
5457,346
5458,93
5459,346
5460,93
5461,346
5462,93
5463,346
5464,93
5465,346
5466,94
5467,346
5468,94
5469,346
5470,94
5471,346
5472,95
5473,346
5474,94
5475,346
5476,95
5477,346
5478,96
5479,346
5480,97
5481,346
5482,96
5483,346
5484,97
5485,346
5486,346
5487,346
5488,346
5489,92
5490,346
5491,346
5492,346
5493,346
5494,346
5495,346
5496,346
5497,92
5498,346
5499,92
5500,346
5501,92
5502,346
5503,92
5504,346
5505,93
5506,346
5507,93
5508,346
5509,93
5510,346
5511,94
5512,347
5513,93
5514,346
5515,94
5516,346
5517,94
5518,346
5519,95
5520,346
5521,95
5522,346
5523,95
5524,346
5525,96
5526,346
5527,96
5528,346
5529,97
5530,346
5531,96
5532,346
5533,96
5534,346
5535,97
5536,346
5537,346
5538,345
5539,347
5540,346
5541,346
5542,346
5543,346
5544,346
5545,346
5546,93
5547,346
5548,92
5549,346
5550,92
5551,346
5552,93
5553,346
5554,93
5555,346
5556,93
5557,346
5558,94
5559,346
5560,94
5561,346
5562,94
5563,346
5564,95
5565,346
5566,95
5567,346
5568,95
5569,346
5570,95
5571,346
5572,96
5573,346
5574,95
5575,346
5576,95
5577,346
5578,97
5579,346
5580,97
5581,346
5582,97
5583,346
5584,346
5585,346
5586,98
5587,346
5588,346
5589,93
5590,346
5591,346
5592,346
5593,92
5594,346
5595,93
5596,346
5597,93
5598,346
5599,93
5600,346
5601,93
5602,346
5603,93
5604,346
5605,93
5606,346
5607,94
5608,347
5609,94
5610,346
5611,94
5612,347
5613,94
5614,346
5615,94
5616,346
5617,94
5618,346
5619,94
5620,346
5621,94
5622,346
5623,94
5624,346
5625,95
5626,346
5627,95
5628,346
5629,95
5630,346
5631,96
5632,346
5633,95
5634,346
5635,96
5636,347
5637,97
5638,346
5639,346
5640,346
5641,347
5642,92
5643,346
5644,346
5645,346
5646,92
5647,346
5648,92
5649,346
5650,92
5651,346
5652,93
5653,346
5654,92
5655,346
5656,92
5657,346
5658,93
5659,346
5660,92
5661,346
5662,92
5663,346
5664,93
5665,346
5666,93
5667,346
5668,93
5669,346
5670,93
5671,346
5672,94
5673,346
5674,94
5675,346
5676,93
5677,346
5678,94
5679,346
5680,94
5681,346
5682,94
5683,346
5684,93
5685,347
5686,94
5687,346
5688,94
5689,346
5690,95
5691,89
5692,94
5693,90
5694,346
5695,89
5696,346
5697,90
5698,346
5699,90
5700,346
5701,90
5702,347
5703,90
5704,346
5705,90
5706,346
5707,90
5708,346
5709,90
5710,347
5711,90
5712,346
5713,90
5714,346
5715,90
5716,346
5717,90
5718,346
5719,90
5720,346
5721,91
5722,346
5723,91
5724,346
5725,90
5726,346
5727,90
5728,346
5729,90
5730,346
5731,91
5732,346
5733,91
5734,346
5735,91
5736,346
5737,91
5738,87
5739,91
5740,87
5741,91
5742,87
5743,346
5744,87
5745,346
5746,87
5747,346
5748,87
5749,346
5750,87
5751,346
5752,87
5753,346
5754,87
5755,346
5756,87
5757,346
5758,87
5759,346
5760,87
5761,346
5762,87
5763,347
5764,87
5765,346
5766,87
5767,346
5768,87
5769,346
5770,87
5771,346
5772,87
5773,346
5774,87
5775,346
5776,87
5777,346
5778,86
5779,346
5780,87
5781,346
5782,87
5783,346
5784,87
5785,346
5786,87
5787,84
5788,87
5789,84
5790,87
5791,84
5792,87
5793,84
5794,87
5795,84
5796,87
5797,84
5798,87
5799,83
5800,346
5801,83
5802,87
5803,83
5804,346
5805,84
5806,87
5807,84
5808,346
5809,84
5810,346
5811,84
5812,347
5813,83
5814,347
5815,83
5816,346
5817,83
5818,346
5819,84
5820,346
5821,83
5822,346
5823,83
5824,346
5825,83
5826,346
5827,84
5828,346
5829,84
5830,346
5831,83
5832,346
5833,83
5834,346
5835,84
5836,81
5837,83
5838,81
5839,83
5840,81
5841,83
5842,81
5843,83
5844,81
5845,83
5846,81
5847,84
5848,81
5849,84
5850,81
5851,84
5852,81
5853,84
5854,81
5855,83
5856,81
5857,346
5858,81
5859,84
5860,81
5861,346
5862,81
5863,346
5864,81
5865,346
5866,80
5867,346
5868,81
5869,347
5870,81
5871,346
5872,80
5873,346
5874,81
5875,346
5876,81
5877,346
5878,81
5879,346
5880,81
5881,79
5882,81
5883,346
5884,81
5885,79
5886,82
5887,346
5888,81
5889,79
5890,81
5891,79
5892,81
5893,79
5894,81
5895,80
5896,82
5897,79
5898,81
5899,79
5900,82
5901,80
5902,82
5903,79
5904,82
5905,80
5906,346
5907,79
5908,82
5909,80
5910,346
5911,79
5912,346
5913,80
5914,346
5915,80
5916,346
5917,80
5918,346
5919,80
5920,346
5921,80
5922,346
5923,80
5924,346
5925,80
5926,346
5927,80
5928,346
5929,80
5930,346
5931,80
5932,346
5933,80
5934,346
5935,81
5936,78
5937,81
5938,78
5939,80
5940,80
5941,80
5942,79
5943,81
5944,78
5945,80
5946,79
5947,81
5948,78
5949,81
5950,79
5951,80
5952,79
5953,82
5954,79
5955,81
5956,79
5957,82
5958,80
5959,81
5960,79
5961,347
5962,79
5963,81
5964,79
5965,346
5966,79
5967,346
5968,79
5969,346
5970,80
5971,346
5972,80
5973,346
5974,80
5975,346
5976,80
5977,346
5978,80
5979,346
5980,80
5981,79
5982,80
5983,78
5984,80
5985,346
5986,80
5987,79
5988,80
5989,78
5990,80
5991,78
5992,80
5993,78
5994,80
5995,79
5996,80
5997,79
5998,80
5999,79
6000,80
6001,79
6002,81
6003,79
6004,81
6005,79
6006,81
6007,79
6008,81
6009,79
6010,81
6011,79
6012,346
6013,79
6014,81
6015,79
6016,346
6017,80
6018,346
6019,79
6020,346
6021,79
6022,346
6023,80
6024,346
6025,80
6026,346
6027,79
6028,346
6029,80
6030,346
6031,80
6032,346
6033,80
6034,346
6035,80
6036,78
6037,80
6038,78
6039,80
6040,79
6041,80
6042,79
6043,80
6044,79
6045,80
6046,78
6047,80
6048,78
6049,80
6050,79
6051,80
6052,79
6053,81
6054,79
6055,81
6056,79
6057,81
6058,79
6059,82
6060,79
6061,346
6062,79
6063,81
6064,79
6065,82
6066,79
6067,346
6068,79
6069,346
6070,80
6071,347
6072,80
6073,346
6074,80
6075,346
6076,79
6077,346
6078,80
6079,347
6080,80
6081,346
6082,80
6083,346
6084,79
6085,346
6086,80
6087,78
6088,80
6089,78
6090,80
6091,78
6092,80
6093,78
6094,80
6095,79
6096,80
6097,79
6098,81
6099,79
6100,81
6101,79
6102,80
6103,80
6104,81
6105,79
6106,81
6107,79
6108,81
6109,79
6110,81
6111,80
6112,82
6113,79
6114,346
6115,79
6116,346
6117,79
6118,346
6119,80
6120,347
6121,80
6122,346
6123,80
6124,346
6125,81
6126,346
6127,80
6128,346
6129,81
6130,346
6131,80
6132,346
6133,80
6134,346
6135,81
6136,346
6137,81
6138,79
6139,80
6140,79
6141,81
6142,79
6143,81
6144,79
6145,81
6146,80
6147,81
6148,79
6149,82
6150,80
6151,81
6152,79
6153,82
6154,80
6155,82
6156,79
6157,82
6158,79
6159,83
6160,80
6161,346
6162,80
6163,82
6164,80
6165,346
6166,79
6167,346
6168,81
6169,346
6170,80
6171,347
6172,80
6173,346
6174,81
6175,346
6176,80
6177,346
6178,81
6179,346
6180,81
6181,346
6182,81
6183,346
6184,81
6185,346
6186,82
6187,347
6188,82
6189,346
6190,83
6191,80
6192,82
6193,346
6194,82
6195,80
6196,83
6197,80
6198,83
6199,80
6200,83
6201,80
6202,83
6203,80
6204,84
6205,81
6206,83
6207,80
6208,84
6209,81
6210,84
6211,81
6212,346
6213,81
6214,346
6215,81
6216,347
6217,81
6218,346
6219,81
6220,346
6221,82
6222,346
6223,82
6224,346
6225,82
6226,346
6227,83
6228,346
6229,82
6230,346
6231,82
6232,346
6233,82
6234,346
6235,83
6236,346
6237,84
6238,346
6239,83
6240,347
6241,83
6242,346
6243,84
6244,81
6245,84
6246,346
6247,84
6248,81
6249,84
6250,82
6251,85
6252,81
6253,86
6254,82
6255,86
6256,82
6257,86
6258,82
6259,86
6260,82
6261,346
6262,82
6263,346
6264,83
6265,346
6266,83
6267,346
6268,84
6269,346
6270,84
6271,346
6272,83
6273,346
6274,84
6275,346
6276,84
6277,346
6278,84
6279,346
6280,84
6281,346
6282,85
6283,346
6284,85
6285,346
6286,85
6287,346
6288,85
6289,346
6290,85
6291,347
6292,85
6293,346
6294,86
6295,346
6296,86
6297,346
6298,86
6299,346
6300,87
6301,346
6302,87
6303,83
6304,88
6305,84
6306,88
6307,84
6308,87
6309,84
6310,346
6311,84
6312,346
6313,84
6314,346
6315,84
6316,346
6317,85
6318,346
6319,85
6320,346
6321,85
6322,346
6323,85
6324,346
6325,85
6326,346
6327,86
6328,346
6329,86
6330,346
6331,86
6332,346
6333,87
6334,346
6335,86
6336,346
6337,87
6338,346
6339,87
6340,346
6341,87
6342,346
6343,88
6344,346
6345,88
6346,346
6347,89
6348,346
6349,88
6350,85
6351,90
6352,346
6353,89
6354,85
6355,90
6356,85
6357,90
6358,85
6359,346
6360,86
6361,346
6362,86
6363,346
6364,86
6365,346
6366,86
6367,346
6368,87
6369,346
6370,87
6371,346
6372,88
6373,346
6374,87
6375,346
6376,87
6377,346
6378,88
6379,346
6380,88
6381,346
6382,88
6383,347
6384,88
6385,346
6386,89
6387,346
6388,89
6389,346
6390,90
6391,346
6392,90
6393,346
6394,91
6395,347
6396,90
6397,346
6398,91
6399,346
6400,91
6401,346
6402,346
6403,346
6404,346
6405,346
6406,346
6407,346
6408,346
6409,346
6410,347
6411,87
6412,346
6413,88
6414,346
6415,88
6416,346
6417,88
6418,346
6419,89
6420,346
6421,88
6422,346
6423,89
6424,346
6425,89
6426,347
6427,89
6428,346
6429,89
6430,346
6431,90
6432,346
6433,90
6434,346
6435,90
6436,346
6437,90
6438,346
6439,91
6440,346
6441,91
6442,346
6443,92
6444,346
6445,91
6446,346
6447,92
6448,346
6449,92
6450,346
6451,346
6452,346
6453,346
6454,346
6455,346
6456,346
6457,347
6458,346
6459,347
6460,89
6461,346
6462,346
6463,346
6464,90
6465,346
6466,89
6467,346
6468,89
6469,346
6470,90
6471,346
6472,90
6473,346
6474,90
6475,346
6476,90
6477,346
6478,90
6479,346
6480,91
6481,346
6482,91
6483,346
6484,92
6485,346
6486,91
6487,346
6488,92
6489,346
6490,93
6491,346
6492,92
6493,346
6494,92
6495,346
6496,93
6497,346
6498,94
6499,346
6500,93
6501,346
6502,94
6503,346
6504,346
6505,346
6506,347
6507,346
6508,346
6509,346
6510,346
6511,346
6512,346
6513,346
6514,346
6515,89
6516,346
6517,90
6518,346
6519,90
6520,346
6521,90
6522,346
6523,90
6524,346
6525,91
6526,346
6527,92
6528,346
6529,91
6530,346
6531,91
6532,346
6533,92
6534,346
6535,92
6536,346
6537,91
6538,346
6539,92
6540,347
6541,92
6542,346
6543,93
6544,346
6545,92
6546,347
6547,93
6548,346
6549,93
6550,346
6551,93
6552,346
6553,93
6554,346
6555,346
6556,346
6557,347
6558,346
6559,346
6560,346
6561,346
6562,346
6563,346
6564,346
6565,346
6566,346
6567,346
6568,90
6569,346
6570,90
6571,346
6572,91
6573,346
6574,90
6575,346
6576,91
6577,346
6578,91
6579,346
6580,91
6581,346
6582,92
6583,346
6584,91
6585,346
6586,92
6587,346
6588,92
6589,346
6590,93
6591,346
6592,92
6593,346
6594,92
6595,346
6596,93
6597,346
6598,93
6599,346
6600,93
6601,346
6602,94
6603,347
6604,94
6605,346
6606,347
6607,346
6608,346
6609,346
6610,346
6611,346
6612,346
6613,346
6614,346
6615,346
6616,346
6617,90
6618,346
6619,90
6620,346
6621,90
6622,346
6623,90
6624,346
6625,90
6626,346
6627,91
6628,347
6629,91
6630,346
6631,91
6632,346
6633,92
6634,347
6635,91
6636,346
6637,91
6638,346
6639,92
6640,346
6641,92
6642,346
6643,92
6644,346
6645,91
6646,346
6647,92
6648,346
6649,92
6650,346
6651,92
6652,346
6653,92
6654,346
6655,93
6656,346
6657,94
6658,347
6659,346
6660,346
6661,346
6662,88
6663,346
6664,89
6665,346
6666,346
6667,346
6668,89
6669,346
6670,89
6671,346
6672,89
6673,346
6674,90
6675,347
6676,89
6677,346
6678,89
6679,346
6680,89
6681,346
6682,89
6683,346
6684,90
6685,346
6686,89
6687,346
6688,90
6689,346
6690,90
6691,346
6692,90
6693,346
6694,91
6695,346
6696,91
6697,346
6698,91
6699,346
6700,92
6701,346
6702,92
6703,346
6704,91
6705,346
6706,91
6707,346
6708,92
6709,87
6710,93
6711,346
6712,346
6713,346
6714,346
6715,88
6716,346
6717,88
6718,346
6719,87
6720,346
6721,87
6722,346
6723,88
6724,346
6725,88
6726,346
6727,88
6728,346
6729,88
6730,346
6731,88
6732,347
6733,88
6734,346
6735,89
6736,347
6737,89
6738,346
6739,88
6740,346
6741,88
6742,346
6743,89
6744,346
6745,89
6746,346
6747,89
6748,346
6749,89
6750,346
6751,90
6752,346
6753,89
6754,346
6755,90
6756,346
6757,90
6758,346
6759,91
6760,346
6761,91
6762,86
6763,90
6764,86
6765,90
6766,86
6767,346
6768,86
6769,346
6770,86
6771,346
6772,86
6773,346
6774,86
6775,346
6776,86
6777,346
6778,87
6779,346
6780,87
6781,346
6782,87
6783,346
6784,87
6785,346
6786,87
6787,347
6788,87
6789,346
6790,87
6791,346
6792,87
6793,346
6794,87
6795,346
6796,87
6797,346
6798,88
6799,346
6800,88
6801,346
6802,87
6803,346
6804,88
6805,346
6806,88
6807,84
6808,88
6809,346
6810,88
6811,84
6812,88
6813,85
6814,88
6815,84
6816,89
6817,84
6818,346
6819,84
6820,346
6821,85
6822,346
6823,85
6824,347
6825,84
6826,346
6827,85
6828,346
6829,85
6830,346
6831,85
6832,346
6833,85
6834,346
6835,85
6836,346
6837,85
6838,346
6839,85
6840,346
6841,85
6842,346
6843,85
6844,347
6845,85
6846,346
6847,86
6848,346
6849,85
6850,346
6851,85
6852,346
6853,86
6854,346
6855,86
6856,346
6857,85
6858,83
6859,86
6860,83
6861,85
6862,83
6863,86
6864,83
6865,86
6866,83
6867,86
6868,83
6869,87
6870,83
6871,86
6872,83
6873,346
6874,82
6875,86
6876,83
6877,346
6878,83
6879,346
6880,83
6881,346
6882,83
6883,346
6884,83
6885,346
6886,83
6887,346
6888,83
6889,346
6890,83
6891,347
6892,83
6893,346
6894,83
6895,346
6896,83
6897,346
6898,84
6899,346
6900,84
6901,346
6902,83
6903,81
6904,84
6905,346
6906,84
6907,81
6908,83
6909,81
6910,84
6911,81
6912,84
6913,81
6914,84
6915,81
6916,84
6917,81
6918,84
6919,81
6920,84
6921,81
6922,84
6923,81
6924,84
6925,81
6926,84
6927,81
6928,347
6929,81
6930,84
6931,81
6932,346
6933,82
6934,346
6935,81
6936,346
6937,81
6938,346
6939,82
6940,346
6941,82
6942,346
6943,82
6944,346
6945,82
6946,346
6947,82
6948,346
6949,82
6950,346
6951,82
6952,346
6953,82
6954,80
6955,82
6956,346
6957,82
6958,80
6959,82
6960,80
6961,81
6962,80
6963,82
6964,80
6965,83
6966,80
6967,82
6968,80
6969,82
6970,80
6971,83
6972,80
6973,82
6974,80
6975,82
6976,80
6977,346
6978,80
6979,82
6980,80
6981,83
6982,80
6983,346
6984,80
6985,83
6986,80
6987,346
6988,80
6989,346
6990,80
6991,346
6992,80
6993,346
6994,81
6995,347
6996,80
6997,346
6998,81
6999,346
7000,80
7001,346
7002,80
7003,79
7004,81
7005,79
7006,81
7007,80
7008,80
7009,79
7010,81
7011,79
7012,81
7013,79
7014,81
7015,79
7016,81
7017,79
7018,81
7019,79
7020,81
7021,79
7022,81
7023,79
7024,82
7025,79
7026,81
7027,79
7028,81
7029,79
7030,82
7031,80
7032,82
7033,80
7034,346
7035,79
7036,346
7037,80
7038,346
7039,80
7040,346
7041,80
7042,346
7043,80
7044,346
7045,80
7046,346
7047,80
7048,346
7049,80
7050,346
7051,80
7052,346
7053,80
7054,78
7055,80
7056,346
7057,80
7058,78
7059,80
7060,79
7061,80
7062,79
7063,80
7064,79
7065,80
7066,79
7067,80
7068,79
7069,80
7070,79
7071,81
7072,79
7073,81
7074,79
7075,81
7076,79
7077,81
7078,78
7079,81
7080,79
7081,346
7082,79
7083,346
7084,79
7085,346
7086,79
7087,346
7088,79
7089,82
7090,79
7091,346
7092,80
7093,346
7094,79
7095,346
7096,80
7097,346
7098,79
7099,346
7100,80
7101,346
7102,80
7103,345
7104,80
7105,78
7106,80
7107,78
7108,80
7109,78
7110,80
7111,78
7112,80
7113,79
7114,81
7115,79
7116,81
7117,79
7118,80
7119,79
7120,81
7121,79
7122,81
7123,79
7124,81
7125,79
7126,81
7127,79
7128,81
7129,79
7130,82
7131,79
7132,82
7133,80
7134,81
7135,80
7136,82
7137,80
7138,346
7139,80
7140,346
7141,80
7142,346
7143,80
7144,346
7145,80
7146,346
7147,80
7148,346
7149,80
7150,346
7151,81
7152,346
7153,80
7154,346
7155,81
7156,346
7157,81
7158,346
7159,81
7160,78
7161,81
7162,80
7163,80
7164,79
7165,81
7166,79
7167,81
7168,80
7169,81
7170,80
7171,82
7172,80
7173,82
7174,80
7175,82
7176,79
7177,83
7178,81
7179,83
7180,80
7181,83
7182,80
7183,346
7184,81
7185,83
7186,80
7187,346
7188,81
7189,346
7190,81
7191,346
7192,81
7193,346
7194,81
7195,346
7196,81
7197,346
7198,81
7199,346
7200,81
7201,346
7202,81
7203,347
7204,82
7205,346
7206,82
7207,80
7208,82
7209,346
7210,82
7211,346
7212,82
7213,80
7214,82
7215,80
7216,83
7217,80
7218,83
7219,81
7220,83
7221,81
7222,83
7223,81
7224,84
7225,81
7226,83
7227,81
7228,84
7229,81
7230,84
7231,81
7232,84
7233,82
7234,346
7235,82
7236,346
7237,81
7238,346
7239,82
7240,346
7241,82
7242,346
7243,82
7244,346
7245,83
7246,346
7247,82
7248,346
7249,83
7250,346
7251,83
7252,346
7253,83
7254,346
7255,83
7256,346
7257,84
7258,346
7259,83
7260,346
7261,83
7262,346
7263,84
7264,346
7265,84
7266,82
7267,85
7268,81
7269,84
7270,82
7271,85
7272,82
7273,85
7274,82
7275,85
7276,82
7277,86
7278,82
7279,86
7280,82
7281,346
7282,83
7283,86
7284,83
7285,346
7286,83
7287,346
7288,83
7289,346
7290,84
7291,346
7292,84
7293,346
7294,84
7295,346
7296,84
7297,346
7298,84
7299,346
7300,85
7301,346
7302,85
7303,346
7304,85
7305,346
7306,85
7307,346
7308,86
7309,346
7310,86
7311,346
7312,86
7313,347
7314,86
7315,346
7316,87
7317,83
7318,86
7319,83
7320,86
7321,84
7322,87
7323,83
7324,88
7325,84
7326,88
7327,84
7328,346
7329,84
7330,346
7331,84
7332,346
7333,84
7334,346
7335,85
7336,346
7337,85
7338,346
7339,85
7340,347
7341,85
7342,346
7343,85
7344,346
7345,86
7346,346
7347,86
7348,346
7349,86
7350,346
7351,86
7352,346
7353,87
7354,346
7355,87
7356,346
7357,87
7358,346
7359,87
7360,346
7361,88
7362,346
7363,87
7364,346
7365,88
7366,346
7367,88
7368,346
7369,88
7370,85
7371,89
7372,346
7373,90
7374,85
7375,90
7376,86
7377,346
7378,86
7379,89
7380,86
7381,346
7382,86
7383,346
7384,86
7385,346
7386,87
7387,346
7388,87
7389,346
7390,87
7391,346
7392,88
7393,346
7394,87
7395,346
7396,88
7397,346
7398,87
7399,346
7400,88
7401,346
7402,89
7403,346
7404,88
7405,346
7406,89
7407,346
7408,89
7409,346
7410,89
7411,346
7412,90
7413,346
7414,90
7415,346
7416,90
7417,346
7418,91
7419,346
7420,90
7421,346
7422,91
7423,346
7424,92
7425,346
7426,346
7427,87
7428,92
7429,87
7430,346
7431,87
7432,346
7433,88
7434,346
7435,88
7436,346
7437,88
7438,346
7439,88
7440,346
7441,89
7442,346
7443,89
7444,346
7445,89
7446,346
7447,89
7448,346
7449,89
7450,346
7451,89
7452,346
7453,90
7454,346
7455,90
7456,346
7457,91
7458,346
7459,90
7460,346
7461,91
7462,346
7463,91
7464,346
7465,92
7466,346
7467,92
7468,346
7469,93
7470,346
7471,92
7472,346
7473,93
7474,346
7475,346
7476,346
7477,346
7478,346
7479,346
7480,346
7481,346
7482,89
7483,346
7484,89
7485,346
7486,89
7487,347
7488,90
7489,346
7490,89
7491,346
7492,89
7493,346
7494,90
7495,346
7496,90
7497,346
7498,91
7499,346
7500,91
7501,346
7502,91
7503,346
7504,91
7505,346
7506,92
7507,347
7508,93
7509,346
7510,93
7511,346
7512,92
7513,346
7514,93
7515,346
7516,93
7517,346
7518,94
7519,346
7520,94
7521,346
7522,94
7523,346
7524,94
7525,346
7526,347
7527,347
7528,346
7529,89
7530,346
7531,346
7532,346
7533,346
7534,346
7535,346
7536,346
7537,90
7538,346
7539,90
7540,346
7541,91
7542,346
7543,91
7544,346
7545,91
7546,346
7547,91
7548,346
7549,92
7550,346
7551,92
7552,346
7553,92
7554,346
7555,92
7556,346
7557,93
7558,346
7559,93
7560,346
7561,93
7562,346
7563,94
7564,346
7565,93
7566,346
7567,94
7568,346
7569,94
7570,346
7571,95
7572,346
7573,93
7574,346
7575,95
7576,346
7577,346
7578,346
7579,346
7580,90
7581,346
7582,346
7583,347
7584,346
7585,346
7586,346
7587,346
7588,91
7589,346
7590,91
7591,346
7592,91
7593,346
7594,91
7595,346
7596,92
7597,346
7598,92
7599,346
7600,92
7601,346
7602,92
7603,346
7604,93
7605,346
7606,93
7607,346
7608,93
7609,346
7610,93
7611,346
7612,93
7613,346
7614,94
7615,346
7616,94
7617,346
7618,94
7619,347
7620,94
7621,346
7622,95
7623,346
7624,346
7625,346
7626,346
7627,346
7628,346
7629,346
7630,95
7631,346
7632,346
7633,346
7634,346
7635,346
7636,346
7637,346
7638,346
7639,91
7640,346
7641,90
7642,346
7643,91
7644,346
7645,91
7646,347
7647,91
7648,346
7649,91
7650,347
7651,91
7652,346
7653,92
7654,347
7655,93
7656,346
7657,92
7658,346
7659,92
7660,346
7661,93
7662,346
7663,93
7664,346
7665,93
7666,346
7667,94
7668,346
7669,95
7670,346
7671,94
7672,346
7673,94
7674,346
7675,95
7676,346
7677,346
7678,346
7679,346
7680,346
7681,95
7682,89
7683,346
7684,90
7685,346
7686,90
7687,346
7688,90
7689,346
7690,89
7691,346
7692,90
7693,346
7694,90
7695,346
7696,90
7697,346
7698,91
7699,347
7700,91
7701,346
7702,91
7703,346
7704,91
7705,346
7706,91
7707,346
7708,92
7709,346
7710,91
7711,346
7712,91
7713,346
7714,91
7715,346
7716,91
7717,346
7718,91
7719,346
7720,92
7721,346
7722,92
7723,346
7724,92
7725,346
7726,92
7727,346
7728,93
7729,347
7730,94
7731,346
7732,346
7733,346
7734,346
7735,89
7736,346
7737,89
7738,346
7739,88
7740,346
7741,89
7742,347
7743,89
7744,346
7745,89
7746,346
7747,89
7748,346
7749,89
7750,346
7751,89
7752,346
7753,90
7754,346
7755,89
7756,346
7757,90
7758,346
7759,90
7760,346
7761,90
7762,346
7763,89
7764,346
7765,90
7766,346
7767,91
7768,346
7769,91
7770,346
7771,91
7772,346
7773,91
7774,346
7775,92
7776,346
7777,92
7778,346
7779,91
7780,87
7781,92
7782,346
7783,347
7784,87
7785,346
7786,87
7787,92
7788,87
7789,346
7790,88
7791,346
7792,87
7793,346
7794,87
7795,346
7796,87
7797,347
7798,88
7799,346
7800,88
7801,346
7802,88
7803,346
7804,88
7805,346
7806,88
7807,346
7808,88
7809,346
7810,87
7811,346
7812,88
7813,346
7814,88
7815,346
7816,88
7817,346
7818,89
7819,346
7820,89
7821,346
7822,89
7823,346
7824,89
7825,346
7826,90
7827,346
7828,89
7829,85
7830,89
7831,346
7832,90
7833,346
7834,89
7835,85
7836,90
7837,85
7838,89
7839,85
7840,90
7841,86
7842,346
7843,86
7844,346
7845,86
7846,346
7847,86
7848,346
7849,86
7850,346
7851,86
7852,346
7853,86
7854,346
7855,85
7856,346
7857,86
7858,346
7859,86
7860,346
7861,86
7862,346
7863,86
7864,346
7865,86
7866,346
7867,87
7868,346
7869,86
7870,346
7871,86
7872,346
7873,86
7874,346
7875,87
7876,346
7877,87
7878,84
7879,87
7880,84
7881,87
7882,83
7883,86
7884,83
7885,87
7886,84
7887,88
7888,83
7889,88
7890,84
7891,88
7892,83
7893,87
7894,84
7895,346
7896,84
7897,346
7898,84
7899,346
7900,84
7901,346
7902,84
7903,346
7904,84
7905,346
7906,84
7907,346
7908,84
7909,346
7910,85
7911,346
7912,84
7913,346
7914,84
7915,346
7916,84
7917,346
7918,85
7919,346
7920,84
7921,346
7922,84
7923,346
7924,84
7925,346
7926,85
7927,82
7928,85
7929,82
7930,84
7931,82
7932,85
7933,82
7934,85
7935,82
7936,85
7937,82
7938,85
7939,83
7940,85
7941,82
7942,85
7943,83
7944,86
7945,82
7946,85
7947,82
7948,346
7949,82
7950,85
7951,82
7952,346
7953,82
7954,346
7955,82
7956,346
7957,82
7958,346
7959,82
7960,346
7961,82
7962,347
7963,82
7964,346
7965,82
7966,346
7967,82
7968,346
7969,83
7970,346
7971,83
7972,346
7973,83
7974,81
7975,83
7976,346
7977,82
7978,80
7979,83
7980,81
7981,83
7982,80
7983,82
7984,81
7985,83
7986,80
7987,82
7988,81
7989,83
7990,81
7991,83
7992,80
7993,83
7994,80
7995,83
7996,81
7997,83
7998,81
7999,346
8000,81
8001,346
8002,81
8003,346
8004,81
8005,346
8006,80
8007,346
8008,80
8009,346
8010,81
8011,346
8012,81
8013,346
8014,81
8015,346
8016,81
8017,346
8018,81
8019,346
8020,82
8021,346
8022,80
8023,79
8024,81
8025,79
8026,81
8027,79
8028,81
8029,79
8030,81
8031,79
8032,81
8033,80
8034,82
8035,80
8036,81
8037,79
8038,81
8039,79
8040,82
8041,80
8042,82
8043,80
8044,81
8045,79
8046,81
8047,80
8048,82
8049,80
8050,347
8051,80
8052,82
8053,80
8054,346
8055,79
8056,346
8057,79
8058,346
8059,80
8060,346
8061,80
8062,346
8063,80
8064,347
8065,80
8066,346
8067,79
8068,347
8069,81
8070,346
8071,80
8072,346
8073,80
8074,346
8075,80
8076,79
8077,80
8078,78
8079,80
8080,79
8081,80
8082,79
8083,80
8084,79
8085,81
8086,79
8087,80
8088,79
8089,81
8090,78
8091,81
8092,79
8093,81
8094,79
8095,81
8096,79
8097,81
8098,79
8099,81
8100,80
8101,81
8102,79
8103,81
8104,80
8105,346
8106,79
8107,346
8108,79
8109,346
8110,79
8111,346
8112,80
8113,346
8114,79
8115,347
8116,80
8117,346
8118,79
8119,346
8120,80
8121,78
8122,80
8123,346
8124,80
8125,346
8126,80
8127,346
8128,80
8129,78
8130,80
8131,79
8132,80
8133,79
8134,80
8135,78
8136,80
8137,79
8138,81
8139,78
8140,80
8141,79
8142,80
8143,79
8144,81
8145,79
8146,80
8147,79
8148,81
8149,79
8150,81
8151,79
8152,81
8153,79
8154,81
8155,79
8156,346
8157,79
8158,346
8159,79
8160,347
8161,79
8162,346
8163,80
8164,346
8165,80
8166,346
8167,79
8168,346
8169,80
8170,346
8171,80
8172,346
8173,80
8174,346
8175,80
8176,78
8177,80
8178,79
8179,80
8180,78
8181,80
8182,79
8183,80
8184,79
8185,80
8186,79
8187,81
8188,79
8189,80
8190,79
8191,81
8192,79
8193,81
8194,79
8195,81
8196,80
8197,81
8198,79
8199,82
8200,79
8201,82
8202,79
8203,82
8204,79
8205,346
8206,79
8207,346
8208,80
8209,346
8210,80
8211,346
8212,80
8213,346
8214,80
8215,346
8216,80
8217,346
8218,80
8219,346
8220,81
8221,346
8222,81
8223,346
8224,80
8225,346
8226,81
8227,346
8228,81
8229,346
8230,81
8231,79
8232,81
8233,79
8234,81
8235,79
8236,82
8237,79
8238,82
8239,80
8240,82
8241,79
8242,82
8243,80
8244,83
8245,80
8246,82
8247,80
8248,82
8249,80
8250,84
8251,80
8252,83
8253,80
8254,346
8255,80
8256,346
8257,80
8258,346
8259,81
8260,346
8261,81
8262,346
8263,81
8264,346
8265,81
8266,346
8267,81
8268,346
8269,81
8270,346
8271,82
8272,346
8273,81
8274,346
8275,82
8276,346
8277,82
8278,346
8279,82
8280,346
8281,83
8282,346
8283,83
8284,80
8285,83
8286,345
8287,83
8288,80
8289,83
8290,81
8291,84
8292,81
8293,84
8294,81
8295,83
8296,81
8297,84
8298,82
8299,84
8300,82
8301,85
8302,82
8303,85
8304,82
8305,346
8306,82
8307,346
8308,82
8309,346
8310,82
8311,346
8312,83
8313,346
8314,82
8315,346
8316,83
8317,346
8318,83
8319,346
8320,84
8321,346
8322,83
8323,346
8324,83
8325,346
8326,84
8327,346
8328,84
8329,346
8330,84
8331,346
8332,84
8333,346
8334,84
8335,82
8336,85
8337,346
8338,85
8339,82
8340,85
8341,82
8342,86
8343,82
8344,86
8345,83
8346,86
8347,83
8348,87
8349,83
8350,86
8351,83
8352,346
8353,84
8354,346
8355,83
8356,346
8357,83
8358,346
8359,84
8360,346
8361,84
8362,346
8363,84
8364,346
8365,84
8366,346
8367,85
8368,346
8369,85
8370,347
8371,85
8372,346
8373,86
8374,347
8375,86
8376,346
8377,86
8378,346
8379,85
8380,346
8381,86
8382,346
8383,86
8384,346
8385,87
8386,346
8387,87
8388,346
8389,87
8390,346
8391,88
8392,346
8393,88
8394,84
8395,89
8396,84
8397,88
8398,85
8399,346
8400,85
8401,89
8402,85
8403,346
8404,85
8405,346
8406,85
8407,346
8408,86
8409,346
8410,86
8411,346
8412,86
8413,346
8414,86
8415,346
8416,87
8417,346
8418,87
8419,346
8420,87
8421,346
8422,87
8423,346
8424,87
8425,346
8426,88
8427,346
8428,88
8429,346
8430,88
8431,346
8432,88
8433,346
8434,88
8435,346
8436,89
8437,346
8438,89
8439,346
8440,89
8441,346
8442,89
8443,86
8444,90
8445,346
8446,346
8447,86
8448,91
8449,87
8450,346
8451,86
8452,346
8453,87
8454,346
8455,87
8456,346
8457,87
8458,346
8459,87
8460,346
8461,87
8462,346
8463,87
8464,346
8465,88
8466,347
8467,88
8468,346
8469,88
8470,347
8471,89
8472,346
8473,89
8474,346
8475,89
8476,346
8477,89
8478,346
8479,90
8480,346
8481,90
8482,346
8483,90
8484,346
8485,92
8486,346
8487,91
8488,346
8489,90
8490,346
8491,91
8492,346
8493,92
8494,346
8495,346
8496,346
8497,346
8498,346
8499,346
8500,346
8501,346
8502,88
8503,346
8504,88
8505,346
8506,88
8507,346
8508,89
8509,346
8510,88
8511,346
8512,89
8513,347
8514,89
8515,346
8516,89
8517,347
8518,90
8519,346
8520,91
8521,346
8522,90
8523,346
8524,90
8525,346
8526,91
8527,347
8528,91
8529,346
8530,91
8531,346
8532,91
8533,346
8534,92
8535,346
8536,92
8537,346
8538,92
8539,347
8540,93
8541,346
8542,94
8543,346
8544,346
8545,346
8546,347
8547,346
8548,346
8549,346
8550,347
8551,346
8552,346
8553,90
8554,347
8555,89
8556,346
8557,90
8558,346
8559,89
8560,346
8561,90
8562,346
8563,91
8564,346
8565,91
8566,347
8567,91
8568,346
8569,91
8570,346
8571,91
8572,346
8573,91
8574,346
8575,91
8576,347
8577,92
8578,346
8579,92
8580,346
8581,93
8582,346
8583,94
8584,347
8585,94
8586,346
8587,93
8588,347
8589,94
8590,347
8591,94
8592,346
8593,93
8594,346
8595,95
8596,346
8597,346
8598,346
8599,346
8600,346
8601,346
8602,346
8603,346
8604,346
8605,346
8606,346
8607,346
8608,90
8609,346
8610,90
8611,346
8612,91
8613,346
8614,91
8615,346
8616,91
8617,346
8618,92
8619,346
8620,92
8621,346
8622,92
8623,346
8624,92
8625,346
8626,92
8627,346
8628,93
8629,346
8630,93
8631,346
8632,92
8633,346
8634,93
8635,346
8636,94
8637,346
8638,94
8639,346
8640,95
8641,346
8642,95
8643,346
8644,346
8645,346
8646,95
8647,346
8648,346
8649,346
8650,95
8651,346
8652,346
8653,346
8654,346
8655,91
8656,346
8657,91
8658,346
8659,91
8660,346
8661,91
8662,346
8663,91
8664,346
8665,91
8666,346
8667,91
8668,346
8669,91
8670,347
8671,91
8672,347
8673,92
8674,346
8675,92
8676,347
8677,92
8678,346
8679,92
8680,346
8681,93
8682,346
8683,93
8684,346
8685,93
8686,346
8687,94
8688,346
8689,94
8690,346
8691,93
8692,346
8693,93
8694,346
8695,94
8696,346
8697,95
8698,347
8699,347
8700,346
8701,95
8702,346
8703,346
8704,346
8705,346
8706,346
8707,346
8708,346
8709,346
8710,91
8711,346
8712,91
8713,346
8714,90
8715,346
8716,91
8717,346
8718,90
8719,346
8720,91
8721,346
8722,91
8723,346
8724,92
8725,346
8726,92
8727,346
8728,93
8729,346
8730,92
8731,346
8732,93
8733,346
8734,93
8735,346
8736,93
8737,346
8738,93
8739,346
8740,92
8741,346
8742,93
8743,346
8744,93
8745,347
8746,93
8747,346
8748,94
8749,346
8750,346
8751,89
8752,347
8753,346
8754,346
8755,90
8756,346
8757,346
8758,346
8759,90
8760,347
8761,89
8762,346
8763,90
8764,346
8765,90
8766,346
8767,90
8768,346
8769,89
8770,346
8771,89
8772,347
8773,90
8774,346
8775,90
8776,346
8777,90
8778,346
8779,90
8780,347
8781,90
8782,346
8783,91
8784,346
8785,91
8786,346
8787,91
8788,346
8789,92
8790,346
8791,92
8792,346
8793,92
8794,346
8795,92
8796,346
8797,93
8798,346
8799,346
8800,346
8801,346
8802,346
8803,92
8804,346
8805,346
8806,88
8807,346
8808,88
8809,346
8810,88
8811,346
8812,88
8813,346
8814,88
8815,346
8816,88
8817,346
8818,88
8819,346
8820,89
8821,346
8822,89
8823,346
8824,88
8825,346
8826,88
8827,346
8828,89
8829,346
8830,89
8831,346
8832,89
8833,346
8834,89
8835,346
8836,89
8837,346
8838,90
8839,347
8840,89
8841,346
8842,90
8843,347
8844,90
8845,346
8846,90
8847,346
8848,89
8849,86
8850,91
8851,347
8852,91
8853,86
8854,90
8855,86
8856,91
8857,86
8858,346
8859,86
8860,346
8861,86
8862,346
8863,86
8864,346
8865,87
8866,346
8867,87
8868,346
8869,87
8870,346
8871,87
8872,346
8873,87
8874,346
8875,86
8876,346
8877,87
8878,346
8879,87
8880,346
8881,87
8882,347
8883,87
8884,347
8885,87
8886,346
8887,87
8888,346
8889,87
8890,346
8891,88
8892,346
8893,88
8894,346
8895,88
8896,346
8897,87
8898,346
8899,87
8900,346
8901,88
8902,85
8903,88
8904,84
8905,89
8906,84
8907,88
8908,85
8909,88
8910,84
8911,346
8912,85
8913,346
8914,85
8915,346
8916,85
8917,346
8918,85
8919,347
8920,85
8921,346
8922,85
8923,346
8924,85
8925,346
8926,86
8927,346
8928,85
8929,346
8930,85
8931,346
8932,85
8933,346
8934,85
8935,346
8936,85
8937,346
8938,86
8939,346
8940,85
8941,346
8942,85
8943,346
8944,85
8945,346
8946,86
8947,346
8948,86
8949,83
8950,85
8951,83
8952,86
8953,82
8954,86
8955,83
8956,86
8957,83
8958,86
8959,82
8960,86
8961,83
8962,87
8963,83
8964,86
8965,83
8966,346
8967,83
8968,346
8969,83
8970,346
8971,83
8972,346
8973,82
8974,346
8975,83
8976,346
8977,83
8978,346
8979,83
8980,346
8981,83
8982,347
8983,83
8984,346
8985,83
8986,346
8987,83
8988,346
8989,83
8990,346
8991,83
8992,346
8993,84
8994,346
8995,83
8996,82
8997,84
8998,81
8999,83
9000,81
9001,83
9002,81
9003,83
9004,81
9005,84
9006,81
9007,83
9008,82
9009,84
9010,81
9011,83
9012,81
9013,84
9014,81
9015,84
9016,81
9017,84
9018,81
9019,84
9020,81
9021,346
9022,81
9023,346
9024,81
9025,346
9026,81
9027,346
9028,81
9029,346
9030,82
9031,346
9032,81
9033,346
9034,82
9035,346
9036,81
9037,346
9038,82
9039,346
9040,82
9041,346
9042,82
9043,346
9044,81
9045,79
9046,82
9047,346
9048,81
9049,79
9050,82
9051,79
9052,82
9053,80
9054,82
9055,80
9056,82
9057,80
9058,82
9059,80
9060,82
9061,80
9062,82
9063,80
9064,82
9065,80
9066,82
9067,80
9068,83
9069,80
9070,82
9071,80
9072,346
9073,80
9074,346
9075,80
9076,346
9077,80
9078,346
9079,80
9080,346
9081,80
9082,346
9083,80
9084,346
9085,80
9086,346
9087,80
9088,346
9089,80
9090,346
9091,80
9092,346
9093,80
9094,346
9095,81
9096,79
9097,80
9098,79
9099,80
9100,79
9101,80
9102,79
9103,81
9104,79
9105,80
9106,79
9107,81
9108,79
9109,80
9110,79
9111,81
9112,79
9113,81
9114,79
9115,81
9116,79
9117,81
9118,79
9119,81
9120,80
9121,82
9122,79
9123,81
9124,79
9125,346
9126,79
9127,346
9128,79
9129,346
9130,79
9131,346
9132,80
9133,346
9134,79
9135,346
9136,80
9137,346
9138,80
9139,346
9140,79
9141,79
9142,80
9143,346
9144,80
9145,78
9146,80
9147,346
9148,80
9149,79
9150,80
9151,79
9152,80
9153,78
9154,80
9155,79
9156,80
9157,79
9158,80
9159,79
9160,80
9161,78
9162,81
9163,79
9164,80
9165,79
9166,81
9167,79
9168,81
9169,79
9170,81
9171,79
9172,81
9173,79
9174,81
9175,79
9176,346
9177,79
9178,346
9179,79
9180,346
9181,79
9182,346
9183,80
9184,346
9185,79
9186,346
9187,79
9188,346
9189,79
9190,346
9191,80
9192,346
9193,80
9194,346
9195,80
9196,78
9197,79
9198,78
9199,80
9200,78
9201,80
9202,79
9203,80
9204,79
9205,80
9206,79
9207,80
9208,78
9209,80
9210,79
9211,80
9212,78
9213,81
9214,79
9215,80
9216,79
9217,80
9218,79
9219,81
9220,79
9221,81
9222,79
9223,81
9224,79
9225,347
9226,79
9227,346
9228,79
9229,346
9230,79
9231,346
9232,79
9233,346
9234,79
9235,346
9236,79
9237,346
9238,80
9239,346
9240,79
9241,346
9242,80
9243,346
9244,80
9245,346
9246,80
9247,346
9248,80
9249,346
9250,80
9251,78
9252,80
9253,79
9254,80
9255,79
9256,81
9257,79
9258,81
9259,79
9260,81
9261,79
9262,82
9263,79
9264,82
9265,79
9266,81
9267,80
9268,82
9269,80
9270,83
9271,80
9272,82
9273,79
9274,83
9275,80
9276,346
9277,80
9278,346
9279,80
9280,346
9281,80
9282,346
9283,81
9284,346
9285,80
9286,346
9287,80
9288,346
9289,81
9290,346
9291,81
9292,346
9293,81
9294,346
9295,81
9296,346
9297,81
9298,346
9299,81
9300,80
9301,81
9302,346
9303,82
9304,345
9305,82
9306,80
9307,82
9308,79
9309,82
9310,80
9311,83
9312,80
9313,83
9314,80
9315,83
9316,80
9317,83
9318,81
9319,84
9320,81
9321,83
9322,81
9323,84
9324,81
9325,346
9326,80
9327,346
9328,81
9329,346
9330,81
9331,346
9332,81
9333,346
9334,82
9335,346
9336,82
9337,346
9338,82
9339,346
9340,82
9341,346
9342,82
9343,346
9344,83
9345,346
9346,83
9347,346
9348,83
9349,346
9350,83
9351,346
9352,83
9353,81
9354,83
9355,346
9356,84
9357,81
9358,84
9359,81
9360,84
9361,81
9362,85
9363,82
9364,84
9365,82
9366,84
9367,82
9368,85
9369,82
9370,86
9371,82
9372,346
9373,82
9374,86
9375,83
9376,346
9377,83
9378,346
9379,83
9380,346
9381,83
9382,346
9383,83
9384,347
9385,83
9386,346
9387,83
9388,346
9389,84
9390,346
9391,84
9392,346
9393,84
9394,346
9395,84
9396,346
9397,85
9398,346
9399,85
9400,346
9401,85
9402,346
9403,85
9404,346
9405,85
9406,82
9407,86
9408,346
9409,86
9410,83
9411,87
9412,346
9413,86
9414,83
9415,87
9416,83
9417,88
9418,84
9419,346
9420,84
9421,346
9422,84
9423,346
9424,84
9425,346
9426,84
9427,346
9428,85
9429,346
9430,85
9431,346
9432,85
9433,346
9434,86
9435,346
9436,85
9437,346
9438,86
9439,346
9440,86
9441,346
9442,86
9443,346
9444,86
9445,346
9446,86
9447,346
9448,86
9449,346
9450,87
9451,346
9452,87
9453,346
9454,88
9455,346
9456,87
9457,346
9458,88
9459,346
9460,88
9461,346
9462,89
9463,85
9464,89
9465,346
9466,90
9467,85
9468,89
9469,86
9470,346
9471,85
9472,346
9473,86
9474,346
9475,86
9476,346
9477,87
9478,346
9479,86
9480,346
9481,86
9482,346
9483,87
9484,346
9485,87
9486,346
9487,87
9488,346
9489,87
9490,346
9491,88
9492,346
9493,88
9494,346
9495,88
9496,346
9497,88
9498,346
9499,88
9500,346
9501,89
9502,346
9503,89
9504,346
9505,90
9506,346
9507,90
9508,346
9509,90
9510,346
9511,91
9512,346
9513,92
9514,346
9515,91
9516,347
9517,92
9518,346
9519,346
9520,86
9521,92
9522,87
9523,346
9524,87
9525,346
9526,88
9527,346
9528,88
9529,346
9530,88
9531,346
9532,88
9533,346
9534,89
9535,346
9536,88
9537,346
9538,89
9539,346
9540,89
9541,346
9542,90
9543,346
9544,90
9545,346
9546,90
9547,346
9548,90
9549,346
9550,90
9551,346
9552,91
9553,346
9554,91
9555,347
9556,92
9557,346
9558,91
9559,346
9560,92
9561,346
9562,92
9563,346
9564,94
9565,346
9566,346
9567,346
9568,346
9569,346
9570,346
9571,346
9572,346
9573,346
9574,346
9575,88
9576,346
9577,89
9578,346
9579,89
9580,346
9581,90
9582,346
9583,90
9584,346
9585,89
9586,347
9587,90
9588,346
9589,90
9590,346
9591,91
9592,346
9593,91
9594,346
9595,91
9596,346
9597,91
9598,346
9599,92
9600,346
9601,92
9602,347
9603,93
9604,346
9605,92
9606,346
9607,93
9608,346
9609,93
9610,346
9611,94
9612,346
9613,94
9614,346
9615,346
9616,347
9617,346
9618,346
9619,346
9620,346
9621,346
9622,347
9623,346
9624,346
9625,346
9626,346
9627,346
9628,90
9629,346
9630,90
9631,346
9632,90
9633,346
9634,91
9635,346
9636,90
9637,346
9638,91
9639,346
9640,91
9641,346
9642,92
9643,346
9644,92
9645,346
9646,92
9647,346
9648,92
9649,346
9650,93
9651,346
9652,93
9653,346
9654,93
9655,346
9656,94
9657,346
9658,93
9659,346
9660,94
9661,346
9662,95
9663,346
9664,346
9665,346
9666,346
9667,346
9668,346
9669,346
9670,346
9671,346
9672,346
9673,346
9674,346
9675,90
9676,347
9677,90
9678,346
9679,90
9680,346
9681,91
9682,346
9683,91
9684,346
9685,91
9686,346
9687,91
9688,346
9689,91
9690,346
9691,91
9692,346
9693,92
9694,346
9695,92
9696,346
9697,92
9698,346
9699,92
9700,346
9701,92
9702,346
9703,92
9704,346
9705,93
9706,346
9707,93
9708,346
9709,93
9710,346
9711,94
9712,346
9713,94
9714,346
9715,94
9716,346
9717,95
9718,346
9719,346
9720,346
9721,347
9722,346
9723,347
9724,346
9725,346
9726,346
9727,346
9728,91
9729,346
9730,91
9731,346
9732,90
9733,347
9734,91
9735,346
9736,91
9737,346
9738,91
9739,346
9740,91
9741,346
9742,91
9743,346
9744,92
9745,346
9746,92
9747,346
9748,92
9749,346
9750,92
9751,346
9752,93
9753,346
9754,93
9755,346
9756,93
9757,346
9758,93
9759,346
9760,94
9761,346
9762,93
9763,346
9764,93
9765,346
9766,94
9767,346
9768,346
9769,346
9770,346
9771,346
9772,346
9773,346
9774,346
9775,346
9776,346
9777,346
9778,346
9779,91
9780,346
9781,91
9782,346
9783,90
9784,346
9785,90
9786,346
9787,90
9788,346
9789,90
9790,346
9791,91
9792,346
9793,91
9794,346
9795,91
9796,346
9797,91
9798,346
9799,91
9800,346
9801,92
9802,346
9803,92
9804,346
9805,92
9806,346
9807,93
9808,346
9809,93
9810,346
9811,93
9812,346
9813,93
9814,346
9815,93
9816,346
9817,93
9818,346
9819,92
9820,346
9821,93
9822,89
9823,346
9824,88
9825,346
9826,89
9827,346
9828,89
9829,346
9830,89
9831,346
9832,88
9833,346
9834,89
9835,346
9836,89
9837,346
9838,89
9839,346
9840,89
9841,346
9842,89
9843,346
9844,90
9845,346
9846,90
9847,346
9848,90
9849,347
9850,89
9851,346
9852,90
9853,346
9854,90
9855,346
9856,91
9857,346
9858,90
9859,346
9860,91
9861,347
9862,90
9863,346
9864,91
9865,346
9866,91
9867,346
9868,92
9869,346
9870,92
9871,346
9872,346
9873,346
9874,346
9875,87
9876,92
9877,88
9878,346
9879,87
9880,346
9881,87
9882,346
9883,88
9884,346
9885,87
9886,346
9887,88
9888,346
9889,88
9890,347
9891,88
9892,346
9893,88
9894,346
9895,88
9896,346
9897,89
9898,346
9899,88
9900,347
9901,88
9902,346
9903,88
9904,346
9905,88
9906,346
9907,88
9908,346
9909,89
9910,346
9911,89
9912,346
9913,89
9914,346
9915,89
9916,346
9917,89
9918,346
9919,89
9920,85
9921,89
9922,346
9923,90
9924,85
9925,90
9926,85
9927,89
9928,86
9929,90
9930,85
9931,346
9932,85
9933,346
9934,86
9935,346
9936,86
9937,346
9938,86
9939,346
9940,86
9941,346
9942,86
9943,346
9944,86
9945,346
9946,86
9947,346
9948,86
9949,346
9950,86
9951,346
9952,86
9953,346
9954,86
9955,346
9956,86
9957,346
9958,86
9959,346
9960,87
9961,346
9962,87
9963,346
9964,86
9965,346
9966,86
9967,83
9968,87
9969,346
9970,87
9971,84
9972,86
9973,84
9974,87
9975,83
9976,88
9977,84
9978,88
9979,84
9980,347
9981,84
9982,87
9983,84
9984,346
9985,84
9986,346
9987,84
9988,346
9989,84
9990,346
9991,84
9992,346
9993,84
9994,347
9995,84
9996,346
9997,84
9998,346
9999,84
10000,346
10001,84
10002,346
10003,84
10004,346
10005,84
10006,346
10007,84
10008,346
10009,84
10010,346
10011,84
10012,346
10013,85
10014,346
10015,84
10016,83
10017,85
10018,82
10019,85
10020,82
10021,84
10022,82
10023,85
10024,82
10025,85
10026,82
10027,85
10028,81
10029,85
10030,82
10031,85
10032,82
10033,86
10034,82
10035,346
10036,83
10037,86
10038,83
10039,346
10040,82
10041,86
10042,82
10043,346
10044,82
10045,346
10046,82
10047,346
10048,82
10049,346
10050,82
10051,346
10052,82
10053,346
10054,82
10055,346
10056,82
10057,346
10058,82
10059,346
10060,82
10061,346
10062,83
10063,346
10064,82
10065,81
10066,82
10067,80
10068,83
10069,80
10070,83
10071,80
10072,83
10073,81
10074,83
10075,80
10076,83
10077,80
10078,83
10079,80
10080,84
10081,81
10082,83
10083,81
10084,83
10085,81
10086,83
10087,81
10088,82
10089,81
10090,83
10091,81
10092,346
10093,81
10094,346
10095,80
10096,346
10097,80
10098,346
10099,81
10100,346
10101,81
10102,346
10103,81
10104,346
10105,81
10106,346
10107,81
10108,346
10109,81
10110,346
10111,81
10112,346
10113,81
10114,80
10115,81
10116,80
10117,81
10118,79
10119,81
10120,79
10121,81
10122,79
10123,81
10124,79
10125,82
10126,79
10127,81
10128,80
10129,81
10130,80
10131,81
10132,80
10133,81
10134,80
10135,81
10136,79
10137,82
10138,80
10139,82
10140,79
10141,82
10142,79
10143,82
10144,80
10145,82
10146,80
10147,346
10148,80
10149,346
10150,80
10151,346
10152,80
10153,346
10154,80
10155,346
10156,80
10157,346
10158,80
10159,346
10160,80
10161,346
10162,80
10163,346
10164,80
10165,346
10166,80
10167,79
10168,80
10169,79
10170,80
10171,78
10172,80
10173,78
10174,80
10175,79
10176,80
10177,79
10178,80
10179,78
10180,80
10181,79
10182,80
10183,79
10184,81
10185,79
10186,81
10187,79
10188,81
10189,79
10190,81
10191,79
10192,81
10193,79
10194,346
10195,79
10196,81
10197,79
10198,82
10199,79
10200,346
10201,79
10202,346
10203,79
10204,346
10205,80
10206,346
10207,79
10208,346
10209,80
10210,346
10211,80
10212,346
10213,80
10214,346
10215,79
10216,78
10217,80
10218,346
10219,80
10220,79
10221,80
10222,78
10223,80
10224,78
10225,80
10226,78
10227,80
10228,78
10229,80
10230,78
10231,80
10232,79
10233,81
10234,79
10235,81
10236,78
10237,80
10238,79
10239,80
10240,79
10241,81
10242,79
10243,81
10244,79
10245,81
10246,79
10247,81
10248,79
10249,82
10250,79
10251,346
10252,79
10253,346
10254,80
10255,346
10256,79
10257,346
10258,79
10259,347
10260,80
10261,346
10262,80
10263,346
10264,79
10265,346
10266,80
10267,347
10268,80
10269,78
10270,80
10271,78
10272,80
10273,78
10274,80
10275,78
10276,80
10277,78
10278,80
10279,79
10280,81
10281,79
10282,81
10283,79
10284,81
10285,79
10286,81
10287,79
10288,81
10289,79
10290,81
10291,79
10292,81
10293,79
10294,81
10295,80
10296,346
10297,79
10298,82
10299,79
10300,346
10301,80
10302,346
10303,80
10304,346
10305,79
10306,346
10307,80
10308,346
10309,80
10310,346
10311,80
10312,346
10313,81
10314,346
10315,80
10316,346
10317,80
10318,346
10319,81
10320,79
10321,80
10322,79
10323,81
10324,79
10325,81
10326,79
10327,81
10328,80
10329,81
10330,80
10331,82
10332,80
10333,82
10334,80
10335,82
10336,80
10337,82
10338,80
10339,83
10340,80
10341,83
10342,80
10343,83
10344,81
10345,83
10346,81
10347,346
10348,80
10349,346
10350,81
10351,346
10352,81
10353,346
10354,81
10355,346
10356,81
10357,346
10358,81
10359,346
10360,81
10361,346
10362,81
10363,346
10364,82
10365,346
10366,82
10367,346
10368,82
10369,346
10370,82
10371,346
10372,83
10373,346
10374,83
10375,80
10376,83
10377,81
10378,83
10379,81
10380,83
10381,81
10382,83
10383,81
10384,83
10385,81
10386,84
10387,81
10388,84
10389,81
10390,84
10391,82
10392,346
10393,82
10394,346
10395,82
10396,86
10397,82
10398,346
10399,82
10400,346
10401,82
10402,346
10403,83
10404,346
10405,82
10406,346
10407,83
10408,346
10409,83
10410,346
10411,84
10412,346
10413,83
10414,346
10415,84
10416,346
10417,84
10418,347
10419,84
10420,346
10421,85
10422,346
10423,84
10424,82
10425,85
10426,82
10427,85
10428,81
10429,85
10430,82
10431,86
10432,82
10433,86
10434,82
10435,86
10436,83
10437,86
10438,83
10439,86
10440,83
10441,86
10442,83
10443,346
10444,83
10445,346
10446,84
10447,346
10448,84
10449,347
10450,84
10451,346
10452,85
10453,346
10454,84
10455,347
10456,85
10457,347
10458,85
10459,346
10460,85
10461,346
10462,85
10463,346
10464,85
10465,346
10466,86
10467,346
10468,85
10469,346
10470,86
10471,346
10472,86
10473,347
10474,86
10475,346
10476,87
10477,346
10478,87
10479,346
10480,88
10481,84
10482,87
10483,84
10484,88
10485,84
10486,88
10487,85
10488,88
10489,85
10490,88
10491,85
10492,346
10493,85
10494,346
10495,85
10496,346
10497,85
10498,347
10499,86